GoodCustomer,Credit,Gender,ForeignWorker,Single,Age,LoanDuration,PurposeOfLoan,LoanAmount,LoanRateAsPercentOfIncome,YearsAtCurrentHome,NumberOfOtherLoansAtBank,NumberOfLiableIndividuals,HasTelephone,CheckingAccountBalance_geq_0,CheckingAccountBalance_geq_200,SavingsAccountBalance_geq_100,SavingsAccountBalance_geq_500,MissedPayments,NoCurrentLoan,CriticalAccountOrLoansElsewhere,OtherLoansAtBank,OtherLoansAtStore,HasCoapplicant,HasGuarantor,OwnsHouse,RentsHouse,Unemployed,YearsAtCurrentJob_lt_1,YearsAtCurrentJob_geq_4,JobClassIsSkilled
1,1169,Male,0,1,67,6,Electronics,1169,4,4,2,1,1,0,0,0,0,1,0,1,0,0,0,0,1,0,0,0,1,1
-1,5951,Female,0,0,22,48,Electronics,5951,2,2,1,1,0,1,0,0,0,1,0,0,0,0,0,0,1,0,0,0,0,1
1,2096,Male,0,1,49,12,Education,2096,2,3,1,2,0,0,0,0,0,1,0,1,0,0,0,0,1,0,0,0,1,0
1,7882,Male,0,1,45,42,Furniture,7882,2,4,1,2,0,0,0,0,0,1,0,0,0,0,0,1,0,0,0,0,1,1
-1,4870,Male,0,1,53,24,NewCar,4870,3,4,2,2,0,0,0,0,0,0,0,0,0,0,0,0,0,0,0,0,0,1
1,9055,Male,0,1,35,36,Education,9055,2,4,1,2,1,0,0,0,0,1,0,0,0,0,0,0,0,0,0,0,0,0
1,2835,Male,0,1,53,24,Furniture,2835,3,4,1,1,0,0,0,1,1,1,0,0,0,0,0,0,1,0,0,0,1,1
1,6948,Male,0,1,35,36,UsedCar,6948,2,2,1,1,1,1,0,0,0,1,0,0,0,0,0,0,0,1,0,0,0,1
1,3059,Male,0,0,61,12,Electronics,3059,2,4,1,1,0,0,0,1,1,1,0,0,0,0,0,0,1,0,0,0,1,0
-1,5234,Male,0,0,28,30,NewCar,5234,4,2,2,1,0,1,0,0,0,1,0,1,0,0,0,0,1,0,1,0,0,1
-1,1295,Female,0,0,25,12,NewCar,1295,3,1,1,1,0,1,0,0,0,1,0,0,0,0,0,0,0,1,0,1,0,1
-1,4308,Female,0,0,24,48,Business,4308,3,4,1,1,0,0,0,0,0,1,0,0,0,0,0,0,0,1,0,1,0,1
1,1567,Female,0,0,22,12,Electronics,1567,1,1,1,1,1,1,0,0,0,1,0,0,0,0,0,0,1,0,0,0,0,1
-1,1199,Male,0,1,60,24,NewCar,1199,4,4,2,1,0,0,0,0,0,1,0,1,0,0,0,0,1,0,0,0,1,0
1,1403,Female,0,0,28,15,NewCar,1403,2,4,1,1,0,0,0,0,0,1,0,0,0,0,0,0,0,1,0,0,0,1
-1,1282,Female,0,0,32,24,Electronics,1282,4,2,1,1,0,0,0,1,0,1,0,0,0,0,0,0,1,0,0,0,0,0
1,2424,Male,0,1,53,24,Electronics,2424,4,4,2,1,0,0,0,0,0,1,0,1,0,0,0,0,1,0,0,0,1,1
1,8072,Male,0,1,25,30,Business,8072,2,3,3,1,0,0,0,0,0,1,0,0,1,0,0,0,1,0,0,1,0,1
-1,12579,Female,0,0,44,24,UsedCar,12579,4,2,1,1,1,1,0,0,0,1,0,0,0,0,0,0,0,0,0,0,1,1
1,3430,Male,0,1,31,24,Electronics,3430,3,2,1,2,1,0,0,1,1,1,0,0,0,0,0,0,1,0,0,0,1,1
1,2134,Male,0,1,48,9,NewCar,2134,4,4,3,1,1,0,0,0,0,1,0,1,0,0,0,0,1,0,0,0,0,1
1,2647,Male,0,1,44,6,Electronics,2647,2,3,1,2,0,0,0,1,1,1,0,0,0,0,0,0,0,1,0,0,0,1
1,2241,Male,1,1,48,10,NewCar,2241,1,3,2,2,0,0,0,0,0,1,0,1,0,0,0,0,0,1,0,1,0,0
1,1804,Male,0,1,44,12,UsedCar,1804,3,4,1,1,0,1,0,1,0,1,0,1,0,0,0,0,1,0,0,1,0,1
1,2069,Male,1,0,26,10,Furniture,2069,2,1,2,1,0,0,0,0,0,1,0,1,0,0,0,0,1,0,0,0,0,1
1,1374,Male,0,1,36,6,Furniture,1374,1,2,1,1,1,0,0,0,0,1,0,0,1,0,0,0,1,0,0,0,0,0
1,426,Male,0,0,39,6,Electronics,426,4,4,1,1,0,0,0,0,0,1,0,0,0,0,0,0,1,0,0,0,1,0
1,409,Female,0,0,42,12,Electronics,409,3,3,2,1,0,1,1,1,1,1,1,0,0,0,0,0,0,1,0,0,0,1
1,2415,Male,0,1,34,7,Electronics,2415,3,2,1,1,0,1,0,0,0,1,0,0,0,0,0,1,1,0,0,0,0,1
-1,6836,Male,0,1,63,60,Business,6836,3,4,2,1,1,0,0,0,0,0,0,0,0,0,0,0,1,0,0,0,1,1
1,1913,Male,0,0,36,18,Business,1913,3,3,1,1,1,1,0,1,1,1,0,0,1,0,0,0,1,0,0,1,0,1
1,4020,Male,0,1,27,24,Furniture,4020,2,2,1,1,0,0,0,0,0,1,0,0,0,0,0,0,1,0,0,0,0,1
1,5866,Male,0,1,30,18,NewCar,5866,2,2,2,1,1,1,0,1,0,1,0,0,0,0,0,0,1,0,0,0,0,1
1,1264,Male,0,1,57,12,Business,1264,4,4,1,1,0,0,0,0,0,1,0,1,0,0,0,0,0,1,0,0,1,0
1,1474,Female,0,0,33,12,Furniture,1474,4,1,1,1,1,1,1,0,0,1,0,0,1,0,0,0,1,0,0,1,0,1
-1,4746,Male,0,1,25,45,Electronics,4746,4,2,2,1,0,1,0,0,0,1,0,1,0,0,0,0,1,0,0,1,0,0
1,6110,Male,0,1,31,48,Education,6110,1,3,1,1,1,0,0,0,0,1,0,1,1,0,0,0,0,0,0,0,0,1
-1,2100,Male,0,1,37,18,Electronics,2100,4,2,1,1,0,1,1,0,0,1,0,0,0,0,1,0,1,0,0,0,0,1
1,1225,Male,0,1,37,10,HomeAppliances,1225,2,2,1,1,1,1,1,0,0,1,0,0,0,0,0,0,1,0,0,0,0,1
1,458,Male,0,1,24,9,Electronics,458,4,3,1,1,0,1,0,0,0,1,0,0,0,0,0,0,1,0,0,0,0,1
1,2333,Male,0,1,30,30,Electronics,2333,4,2,1,1,0,0,0,1,1,1,0,0,1,0,0,0,1,0,0,0,1,1
1,1158,Male,0,0,26,12,Electronics,1158,3,1,1,1,1,1,0,1,1,1,0,0,0,0,0,0,1,0,0,0,0,1
1,6204,Male,0,1,44,18,Repairs,6204,2,4,1,2,1,1,0,0,0,0,0,0,0,0,0,0,1,0,0,0,0,0
1,6187,Male,0,0,24,30,UsedCar,6187,1,4,2,1,0,0,0,1,0,1,0,1,0,0,0,0,0,1,0,0,1,1
-1,6143,Female,0,0,58,48,UsedCar,6143,4,4,2,1,0,0,0,0,0,1,0,1,0,0,0,0,0,0,0,0,1,0
1,1393,Female,0,0,35,11,NewCar,1393,4,4,2,1,0,0,0,0,0,1,0,1,0,0,0,0,1,0,0,1,0,1
1,2299,Male,0,1,39,36,Electronics,2299,4,4,1,1,0,0,0,1,1,1,0,0,0,0,0,0,1,0,0,0,1,1
1,1352,Female,0,0,23,6,UsedCar,1352,1,2,1,1,1,0,0,1,1,1,0,0,0,0,0,0,0,1,1,0,0,0
1,7228,Male,0,1,39,11,NewCar,7228,1,4,2,1,0,0,0,0,0,1,0,1,0,0,0,0,1,0,0,0,0,0
1,2073,Female,0,0,28,12,Electronics,2073,4,2,1,1,0,0,0,1,0,1,0,0,0,0,1,0,1,0,0,0,0,1
1,2333,Male,0,1,29,24,Furniture,2333,4,2,1,1,0,1,0,0,0,0,0,0,1,0,0,0,1,0,0,1,0,0
1,5965,Male,0,1,30,27,UsedCar,5965,1,2,2,1,1,1,0,0,0,0,0,0,0,0,0,0,1,0,0,0,1,1
1,1262,Male,0,1,25,12,Electronics,1262,3,2,1,1,0,0,0,0,0,1,0,0,0,0,0,0,1,0,0,0,0,1
1,3378,Male,0,1,31,18,UsedCar,3378,2,1,1,1,1,0,0,0,0,1,0,0,0,0,0,0,1,0,0,0,0,1
-1,2225,Male,0,1,57,36,NewCar,2225,4,4,2,1,1,1,0,0,0,0,0,0,1,0,0,0,0,0,0,0,1,1
1,783,Male,0,1,26,6,NewCar,783,1,2,1,2,0,0,0,0,0,1,1,0,0,0,0,1,1,0,0,0,0,0
-1,6468,Male,0,1,52,12,Electronics,6468,2,1,1,1,1,1,0,0,0,1,0,0,0,0,0,0,1,0,1,0,0,1
1,9566,Female,0,0,31,36,Electronics,9566,2,2,2,1,0,0,0,0,0,1,0,1,0,0,0,0,1,0,0,0,0,1
1,1961,Female,0,0,23,18,NewCar,1961,3,2,1,1,0,1,1,0,0,1,0,0,0,0,0,0,1,0,0,0,1,1
-1,6229,Female,0,0,23,36,Furniture,6229,4,4,2,1,1,0,0,0,0,1,0,1,0,0,1,0,0,1,0,1,0,0
1,1391,Male,0,0,27,9,Business,1391,2,1,1,1,1,1,0,0,0,1,0,0,1,0,0,0,1,0,0,0,0,1
1,1537,Male,0,1,50,15,Electronics,1537,4,4,2,1,1,1,0,0,0,1,0,1,0,0,0,1,1,0,0,0,1,1
-1,1953,Male,0,1,61,36,Business,1953,4,4,1,1,1,1,0,0,0,1,0,0,0,0,0,0,0,0,0,0,1,1
-1,14421,Male,0,1,25,48,Business,14421,2,2,1,1,1,1,0,0,0,1,0,0,0,0,0,0,1,0,0,0,0,1
1,3181,Female,0,0,26,24,Electronics,3181,4,4,1,1,1,0,0,0,0,1,0,0,0,0,0,0,1,0,0,1,0,1
1,5190,Male,0,1,48,27,Repairs,5190,4,4,4,2,1,0,0,0,0,1,0,0,0,0,0,0,1,0,0,0,1,1
1,2171,Female,0,0,29,12,Electronics,2171,2,2,1,1,0,0,0,0,0,1,0,0,1,0,0,0,1,0,0,1,0,1
1,1007,Male,0,0,22,12,NewCar,1007,4,1,1,1,0,1,0,1,1,1,0,0,0,0,0,0,1,0,0,0,0,1
-1,1819,Male,0,1,37,36,Education,1819,4,4,1,1,1,0,0,0,0,1,0,0,0,0,0,0,0,0,0,0,0,1
1,2394,Female,0,0,25,36,Electronics,2394,4,4,1,1,0,0,0,0,0,1,0,0,0,0,0,0,1,0,0,0,0,1
1,8133,Female,0,0,30,36,UsedCar,8133,1,2,1,1,0,0,0,0,0,1,0,0,1,0,0,0,1,0,0,0,0,1
1,730,Male,0,1,46,7,Electronics,730,4,2,2,1,1,0,0,0,0,1,0,1,0,0,0,0,0,1,0,0,1,0
1,1164,Male,0,1,51,8,Other,1164,3,4,2,2,1,0,0,0,0,1,0,1,1,0,0,0,0,0,0,0,1,1
1,5954,Female,0,0,41,42,Business,5954,2,1,2,1,0,1,0,0,0,1,0,1,1,0,0,0,1,0,0,0,1,0
-1,1977,Male,0,1,40,36,Education,1977,4,4,1,1,1,0,0,0,0,1,0,0,0,0,0,0,1,0,0,0,1,1
1,1526,Male,0,1,66,12,UsedCar,1526,4,4,2,1,0,0,0,0,0,1,0,1,0,0,0,0,0,0,0,0,1,1
-1,3965,Male,0,1,34,42,Electronics,3965,4,3,1,1,0,0,0,0,0,1,0,0,0,0,0,0,1,0,0,1,0,1
1,4771,Male,0,1,51,11,Electronics,4771,2,4,1,1,0,1,0,0,0,0,0,0,0,0,0,0,1,0,0,0,1,1
1,9436,Male,0,1,39,54,UsedCar,9436,2,2,1,2,0,0,0,0,0,1,0,0,0,0,0,0,1,0,0,0,0,0
1,3832,Male,0,0,22,30,Furniture,3832,2,1,1,1,0,1,0,0,0,1,0,0,0,0,0,0,1,0,0,1,0,1
-1,5943,Female,0,0,44,24,Electronics,5943,1,1,2,1,1,0,0,0,0,1,0,0,0,0,0,0,1,0,0,1,0,1
1,1213,Male,0,1,47,15,Electronics,1213,4,3,1,1,1,0,0,1,1,1,0,0,0,0,0,0,1,0,0,0,1,1
1,1568,Female,0,0,24,18,Business,1568,3,4,1,1,0,0,0,1,0,1,0,0,0,0,0,0,0,1,0,0,0,0
1,1755,Female,0,0,58,24,Other,1755,4,4,1,1,1,0,0,0,0,1,0,0,0,0,0,1,1,0,0,0,1,0
1,2315,Male,0,1,52,10,Electronics,2315,3,4,1,1,0,0,0,0,0,1,0,0,0,0,0,0,1,0,0,0,1,0
1,1412,Female,0,0,29,12,Business,1412,4,2,2,1,1,0,0,0,0,1,0,1,0,0,0,1,1,0,0,0,0,1
1,1295,Female,0,0,27,18,Furniture,1295,4,1,2,1,0,1,0,0,0,1,0,1,0,0,0,0,1,0,0,1,0,1
-1,12612,Male,0,1,47,36,Education,12612,1,4,1,2,1,1,0,1,0,1,0,0,0,0,0,0,0,0,0,0,0,1
1,2249,Male,0,1,30,18,NewCar,2249,4,3,1,2,1,0,0,1,0,1,0,0,0,0,0,0,1,0,0,0,1,1
-1,1108,Male,0,1,28,12,Repairs,1108,4,3,2,1,0,0,0,0,0,1,0,0,0,0,0,0,1,0,0,0,1,1
1,618,Male,0,1,56,12,Electronics,618,4,4,1,1,0,0,0,0,0,1,0,1,0,0,0,0,1,0,0,0,1,1
1,1409,Male,0,1,54,12,UsedCar,1409,4,3,1,1,0,0,0,0,0,1,0,1,0,0,0,0,1,0,0,0,1,1
-1,797,Female,0,0,33,12,Electronics,797,4,3,1,2,0,0,0,0,0,1,0,1,1,0,0,0,1,0,0,0,1,0
1,3617,Male,0,1,20,24,Furniture,3617,4,4,2,1,0,1,1,0,0,1,0,1,0,0,1,0,0,1,0,0,1,1
1,1318,Male,0,1,54,12,NewCar,1318,4,4,1,1,1,1,0,1,1,1,0,0,0,0,0,0,1,0,0,0,1,1
-1,15945,Male,0,1,58,54,Business,15945,3,4,1,1,1,1,0,0,0,1,0,0,0,0,0,0,0,1,0,1,0,1
1,2012,Female,0,0,61,12,Education,2012,4,2,1,1,0,0,0,0,0,1,0,1,0,0,0,0,1,0,0,0,1,1
1,2622,Male,0,1,34,18,Business,2622,4,4,1,1,0,1,0,1,0,1,0,0,0,0,0,0,1,0,0,0,0,1
1,2337,Male,0,1,36,36,Electronics,2337,4,4,1,1,0,1,0,0,0,1,0,1,0,0,0,0,1,0,0,0,1,1
1,7057,Male,0,1,36,20,UsedCar,7057,3,4,2,2,1,1,0,0,0,0,0,0,1,0,0,0,0,1,0,0,1,1
1,1469,Male,0,0,41,24,NewCar,1469,4,4,1,1,0,0,0,1,0,1,0,0,0,0,0,0,0,1,0,0,1,0
1,2323,Male,0,1,24,36,Electronics,2323,4,4,1,1,0,1,0,0,0,1,0,0,0,0,0,0,0,1,0,0,1,1
1,932,Female,0,0,24,6,Electronics,932,3,2,1,1,0,0,0,0,0,0,0,0,0,0,0,0,1,0,0,0,0,1
1,1919,Male,0,1,35,9,Furniture,1919,4,3,1,1,1,1,0,0,0,1,0,1,0,0,0,0,0,1,0,0,1,1
1,2445,Male,0,0,26,12,UsedCar,2445,2,4,1,1,1,0,0,0,0,1,0,0,0,0,0,0,0,1,0,1,0,1
-1,11938,Male,0,1,39,24,Other,11938,2,3,2,2,1,1,0,0,0,1,0,1,0,0,1,0,1,0,0,0,0,1
-1,6458,Male,0,1,39,18,NewCar,6458,2,4,2,2,1,0,0,0,0,1,1,0,1,0,0,0,1,0,0,0,1,1
1,6078,Male,0,1,32,12,NewCar,6078,2,2,1,1,0,1,0,0,0,1,0,0,0,0,0,0,1,0,0,0,1,1
1,7721,Female,1,0,30,24,Furniture,7721,1,2,1,1,1,0,0,0,0,1,0,0,0,0,0,0,1,0,0,1,0,1
1,1410,Male,0,0,35,14,Business,1410,1,2,1,1,1,1,0,1,1,1,0,0,0,0,0,0,1,0,0,0,1,1
1,1449,Male,0,0,31,6,Business,1449,1,2,2,2,0,1,0,1,0,0,0,0,1,0,0,0,1,0,0,0,1,1
1,392,Female,0,0,23,15,Education,392,4,4,1,1,1,1,1,0,0,1,0,0,0,0,0,0,0,1,0,1,0,1
1,6260,Male,0,1,28,18,NewCar,6260,3,3,1,1,0,1,0,0,0,1,0,0,0,0,0,0,0,1,0,0,1,0
-1,7855,Female,0,0,25,36,NewCar,7855,4,2,2,1,1,0,0,0,0,1,0,1,0,0,0,0,1,0,0,0,0,1
1,1680,Male,0,0,35,12,Electronics,1680,3,1,1,1,0,0,0,1,1,1,0,0,0,0,0,0,1,0,0,0,1,1
1,3578,Male,0,1,47,48,Electronics,3578,4,1,1,1,1,0,0,0,0,1,0,1,0,0,0,0,1,0,0,0,1,1
-1,7174,Female,0,0,30,42,Electronics,7174,4,3,1,1,1,0,0,0,0,1,0,0,0,0,0,0,1,0,0,0,1,1
1,2132,Female,1,0,27,10,Furniture,2132,2,3,2,1,0,0,0,0,0,1,0,1,0,0,1,0,0,1,0,1,0,1
-1,4281,Female,0,0,23,33,Furniture,4281,1,4,2,1,0,0,0,1,1,1,0,1,0,0,0,0,1,0,0,0,0,1
1,2366,Male,0,0,36,12,NewCar,2366,3,3,1,1,1,1,0,1,1,1,0,1,0,0,0,0,1,0,0,0,1,1
-1,1835,Female,0,0,25,21,Electronics,1835,3,2,2,1,1,0,0,0,0,1,0,0,0,0,0,0,1,0,0,0,0,1
1,3868,Female,0,0,41,24,UsedCar,3868,4,2,2,1,1,0,0,0,0,1,0,1,0,0,0,0,0,1,0,0,1,1
1,1768,Male,0,1,24,12,Furniture,1768,3,2,1,1,0,0,0,0,0,1,0,0,0,0,0,0,0,1,0,0,0,0
1,781,Male,0,1,63,10,NewCar,781,4,4,2,1,1,1,1,0,0,1,0,1,0,0,0,0,0,0,0,0,1,1
-1,1924,Female,0,0,27,18,Furniture,1924,4,3,1,1,0,1,0,0,0,1,0,0,0,0,0,0,0,1,0,1,0,1
1,2121,Male,0,1,30,12,NewCar,2121,4,2,2,1,0,0,0,0,0,1,0,1,0,0,0,0,1,0,0,0,0,1
1,701,Male,0,0,40,12,Electronics,701,4,2,1,1,0,0,0,0,0,1,0,0,0,0,0,0,1,0,0,0,0,0
-1,639,Male,0,1,30,12,Repairs,639,4,2,1,1,0,1,0,0,0,1,0,0,0,0,0,0,1,0,0,0,0,1
1,1860,Male,0,1,34,12,UsedCar,1860,4,2,2,1,1,1,0,0,0,1,0,1,0,0,0,0,1,0,1,0,0,1
-1,3499,Female,0,0,29,12,NewCar,3499,3,2,2,1,0,0,0,0,0,1,0,1,0,0,1,0,1,0,0,0,0,1
1,8487,Female,0,0,24,48,NewCar,8487,1,2,1,1,0,1,0,0,0,1,0,0,0,0,0,0,1,0,0,0,1,1
-1,6887,Male,0,1,29,36,Education,6887,4,3,1,1,1,0,0,0,0,0,0,0,0,0,0,0,1,0,0,0,0,1
1,2708,Male,0,1,27,15,Furniture,2708,2,3,2,1,0,0,0,0,0,1,0,0,1,0,0,0,1,0,0,1,0,0
1,1984,Male,0,1,47,18,Furniture,1984,4,4,2,1,0,0,0,0,0,1,0,0,1,0,0,0,0,0,0,0,0,1
1,10144,Female,0,0,21,60,Electronics,10144,2,4,1,1,1,0,0,1,0,1,0,0,0,0,0,0,1,0,0,0,1,1
1,1240,Female,0,0,38,12,Electronics,1240,4,2,2,1,1,0,0,0,0,1,0,1,0,0,0,0,1,0,0,0,1,1
1,8613,Male,0,1,27,27,UsedCar,8613,2,2,2,1,0,0,0,1,1,0,0,0,0,0,0,0,1,0,0,0,0,1
-1,766,Male,0,1,66,12,Electronics,766,4,3,1,1,0,1,0,1,1,1,0,0,0,0,0,0,1,0,0,0,0,0
1,2728,Male,0,1,35,15,Electronics,2728,4,2,3,1,1,1,0,0,0,1,0,1,1,0,0,1,1,0,0,0,1,1
1,1881,Female,0,0,44,12,Electronics,1881,2,2,1,1,1,1,1,0,0,1,0,0,0,0,0,0,0,1,0,0,0,0
1,709,Male,1,0,27,6,NewCar,709,2,2,1,1,0,1,1,1,1,1,0,0,0,0,0,0,1,0,0,1,0,0
1,4795,Female,0,0,30,36,Electronics,4795,4,1,1,1,1,1,0,0,0,1,0,0,0,0,0,0,1,0,0,1,0,1
1,3416,Male,0,1,27,27,Electronics,3416,3,2,1,1,0,0,0,0,0,1,0,0,0,0,0,0,1,0,0,0,0,1
-1,2462,Male,0,1,22,18,Furniture,2462,2,2,1,1,0,0,0,0,0,1,0,0,0,0,0,0,1,0,0,0,0,1
1,2288,Female,0,0,23,21,Furniture,2288,4,4,1,1,1,0,0,0,0,1,0,1,0,0,0,0,1,0,0,1,0,1
1,3566,Male,0,1,30,48,Business,3566,4,2,1,1,0,1,0,1,0,1,1,0,0,0,0,0,1,0,0,0,1,1
1,860,Female,0,0,39,6,NewCar,860,1,4,2,1,1,0,0,0,0,1,0,1,0,0,0,0,1,0,0,0,1,1
1,682,Female,0,0,51,12,NewCar,682,4,3,2,1,1,0,0,1,0,1,0,1,0,0,0,0,1,0,0,0,1,1
1,5371,Male,0,1,28,36,Furniture,5371,3,2,2,1,0,0,0,0,0,1,0,1,0,0,0,1,1,0,0,0,0,1
1,1582,Male,0,1,46,18,Electronics,1582,4,4,2,1,0,0,0,1,1,1,0,1,0,0,0,0,1,0,0,0,1,1
1,1346,Male,0,1,42,6,Electronics,1346,2,4,1,2,1,0,0,1,0,1,0,0,1,0,0,0,0,0,0,0,1,1
1,1924,Male,1,1,38,10,Electronics,1924,1,4,1,1,1,0,0,0,0,1,0,0,0,0,0,0,1,0,0,0,0,1
1,5848,Male,0,1,24,36,Electronics,5848,4,1,1,1,0,1,1,0,0,1,0,0,0,0,0,0,1,0,0,0,0,1
1,7758,Female,0,0,29,24,UsedCar,7758,2,4,1,1,0,1,0,1,1,1,0,1,0,0,0,0,0,1,0,0,1,1
1,6967,Male,0,1,36,24,Business,6967,4,4,1,1,1,1,0,1,0,0,0,0,0,0,0,0,0,1,0,0,1,1
-1,1282,Female,0,0,20,12,Furniture,1282,2,4,1,1,0,0,0,0,0,1,0,0,0,0,0,0,0,1,0,0,0,1
1,1288,Male,1,1,48,9,Repairs,1288,3,4,2,2,0,0,0,1,0,1,0,1,0,0,0,1,1,0,0,0,1,1
1,339,Male,0,0,45,12,Retraining,339,4,1,1,1,0,0,0,0,0,1,1,0,1,0,0,0,1,0,0,0,1,0
1,3512,Male,0,1,38,24,NewCar,3512,2,3,2,1,1,1,0,1,0,1,0,0,1,0,0,0,1,0,0,0,1,1
1,1898,Male,0,1,34,6,Electronics,1898,1,2,2,2,0,0,0,0,0,1,0,1,0,0,0,0,1,0,0,0,0,0
1,2872,Male,0,1,36,24,Electronics,2872,3,4,1,2,1,0,0,1,0,1,0,1,0,0,0,0,1,0,0,0,1,1
1,1055,Female,0,0,30,18,NewCar,1055,4,1,2,1,0,0,0,0,0,1,0,1,0,0,0,0,1,0,0,1,0,1
1,1262,Male,0,1,36,15,HomeAppliances,1262,4,3,2,1,1,0,0,1,1,1,0,0,0,0,0,0,1,0,0,0,1,1
1,7308,Male,0,1,70,10,NewCar,7308,2,4,1,1,1,1,0,0,0,1,0,0,1,0,0,0,0,0,1,0,0,1
1,909,Male,0,1,36,36,NewCar,909,4,4,1,1,0,0,0,1,1,1,0,0,0,0,0,0,1,0,0,0,1,1
1,2978,Male,0,1,32,6,Furniture,2978,1,2,1,1,1,0,0,1,1,1,0,0,0,0,0,0,1,0,0,0,0,1
-1,1131,Female,0,0,33,18,Furniture,1131,4,2,1,1,0,0,0,0,0,1,0,0,0,0,0,0,1,0,1,0,0,1
1,1577,Female,0,0,20,11,Furniture,1577,4,1,1,1,0,1,0,1,1,1,0,0,0,0,0,0,1,0,0,1,0,1
1,3972,Female,0,0,25,24,Furniture,3972,2,4,1,1,1,0,0,0,0,1,0,0,0,0,0,0,0,1,0,0,1,1
-1,1935,Male,0,0,31,24,Business,1935,4,4,2,1,1,1,0,0,0,1,0,1,0,0,0,0,1,0,0,0,1,1
-1,950,Male,0,1,33,15,NewCar,950,4,3,2,2,0,0,0,0,0,1,0,0,0,0,0,0,0,1,0,0,1,1
1,763,Female,0,0,26,12,Furniture,763,4,1,1,1,1,0,0,0,0,1,0,0,0,0,0,0,1,0,0,0,0,1
-1,2064,Female,0,0,34,24,Furniture,2064,3,2,1,1,1,1,0,0,0,0,0,0,0,0,0,0,1,0,1,0,0,1
1,1414,Male,1,1,33,8,Electronics,1414,4,2,1,1,0,1,0,0,0,1,0,0,0,0,0,1,1,0,0,0,0,1
-1,3414,Male,0,1,26,21,Education,3414,2,1,2,1,0,0,0,0,0,0,0,0,0,0,0,0,1,0,0,1,0,1
-1,7485,Female,0,0,53,30,UsedCar,7485,4,1,1,1,1,0,0,0,0,1,1,0,1,0,0,0,1,0,1,0,0,1
1,2577,Male,0,0,42,12,Furniture,2577,2,1,1,1,0,0,0,0,0,1,0,0,0,0,0,0,1,0,0,0,0,1
1,338,Male,0,1,52,6,Electronics,338,4,4,2,1,0,0,0,1,1,1,0,1,0,0,0,0,1,0,0,0,1,1
1,1963,Male,0,1,31,12,Electronics,1963,4,2,2,2,1,0,0,0,0,1,0,0,0,0,0,0,0,1,0,0,1,1
1,571,Male,0,1,65,21,NewCar,571,4,4,2,1,0,0,0,0,0,1,0,1,0,0,0,0,1,0,0,0,1,1
-1,9572,Male,0,0,28,36,Business,9572,1,1,2,1,0,0,0,0,0,0,0,0,0,0,0,0,1,0,0,1,0,1
-1,4455,Male,0,0,30,36,Business,4455,2,2,2,1,1,1,0,0,0,0,0,0,0,0,0,0,1,0,0,0,0,1
-1,1647,Male,0,1,40,21,NewCar,1647,4,2,2,2,0,0,0,0,0,1,1,0,0,0,0,0,1,0,0,0,0,0
1,3777,Male,0,1,50,24,Furniture,3777,4,4,1,1,1,0,0,1,1,1,0,1,0,0,0,0,1,0,0,0,0,1
-1,884,Male,0,1,36,18,NewCar,884,4,4,1,2,1,1,0,0,0,1,0,1,1,0,0,0,1,0,0,0,1,1
1,1360,Male,0,1,31,15,Electronics,1360,4,2,2,1,0,0,0,0,0,1,0,1,0,0,0,0,1,0,0,0,0,1
-1,5129,Female,0,0,74,9,UsedCar,5129,2,4,1,2,1,1,0,0,0,1,1,0,1,0,0,0,0,0,0,0,1,1
1,1175,Male,0,1,68,16,NewCar,1175,2,3,3,1,1,1,0,0,0,1,0,1,0,0,0,0,0,0,1,0,0,0
-1,674,Male,0,0,20,12,Electronics,674,4,1,1,1,0,0,0,1,0,1,0,0,0,0,0,0,1,0,0,0,1,1
1,3244,Female,0,0,33,18,Furniture,3244,1,4,2,1,1,1,0,0,0,1,0,0,1,0,0,0,1,0,0,0,0,1
-1,4591,Male,0,1,54,24,Business,4591,2,3,3,1,1,0,0,1,1,1,0,0,0,0,0,0,1,0,0,0,0,1
-1,3844,Male,0,1,34,48,Business,3844,4,4,1,2,0,1,0,1,0,1,0,0,0,0,0,0,0,0,0,0,1,0
-1,3915,Male,0,1,36,27,Business,3915,4,2,1,2,1,1,0,0,0,1,0,0,0,0,0,0,1,0,0,0,0,1
1,2108,Male,0,0,29,6,Electronics,2108,2,2,1,1,0,0,0,0,0,1,0,0,0,0,0,0,0,1,0,0,1,1
-1,3031,Male,0,1,21,45,Electronics,3031,4,4,1,1,0,1,0,1,0,1,0,0,0,0,0,1,0,1,0,0,0,1
-1,1501,Female,0,0,34,9,Education,1501,2,3,2,1,1,1,0,0,0,1,0,1,0,0,0,0,1,0,0,0,1,1
1,1382,Female,0,0,28,6,Electronics,1382,1,1,2,1,1,0,0,0,0,1,0,1,0,0,0,0,1,0,0,0,0,1
-1,951,Female,0,0,27,12,Furniture,951,4,4,4,1,0,1,0,1,0,1,0,0,1,0,0,0,0,1,0,1,0,1
1,2760,Male,0,1,36,24,UsedCar,2760,4,4,1,1,1,1,0,0,0,1,0,0,1,0,0,0,0,0,0,0,1,1
-1,4297,Male,0,0,40,18,Furniture,4297,4,3,1,1,1,1,0,0,0,0,0,0,0,0,0,0,1,0,0,0,1,1
1,936,Male,0,1,52,9,Education,936,4,2,2,1,1,0,0,1,1,1,0,1,0,0,0,0,1,0,0,0,1,1
1,1168,Male,0,0,27,12,NewCar,1168,4,3,1,1,0,0,0,0,0,1,0,0,0,0,0,0,1,0,0,0,0,0
1,5117,Male,0,1,26,27,Business,5117,3,4,2,1,0,0,0,0,0,0,0,0,0,0,0,0,1,0,0,0,1,1
-1,902,Male,0,0,21,12,Retraining,902,4,4,1,1,0,0,0,0,0,1,0,0,0,0,0,0,0,1,0,0,1,1
1,1495,Male,0,1,38,12,NewCar,1495,4,1,2,2,0,0,0,0,0,1,0,1,0,0,0,0,1,0,0,0,1,0
1,10623,Male,0,1,38,30,UsedCar,10623,3,4,3,2,1,0,0,0,0,1,0,1,0,0,0,0,0,0,0,0,1,1
1,1935,Male,0,1,43,12,Furniture,1935,4,4,3,1,1,0,0,0,0,1,0,1,0,0,0,0,1,0,0,0,1,1
1,1424,Male,0,1,26,12,HomeAppliances,1424,4,3,1,1,0,1,0,0,0,1,0,1,0,0,0,0,1,0,0,0,1,1
1,6568,Male,0,0,21,24,Business,6568,2,2,1,1,0,0,0,0,0,1,0,0,0,0,0,0,1,0,0,0,0,0
1,1413,Male,1,1,55,12,UsedCar,1413,3,2,1,1,0,0,0,1,1,1,0,0,0,0,0,0,1,0,0,0,1,1
1,3074,Male,0,1,33,9,Electronics,3074,1,2,2,2,0,0,0,0,0,1,0,1,0,0,0,0,1,0,0,0,0,1
1,3835,Female,0,0,45,36,Electronics,3835,2,4,1,1,1,0,0,0,0,1,0,0,0,0,0,0,1,0,0,0,1,0
-1,5293,Male,0,1,50,27,Business,5293,2,4,2,1,1,0,0,0,0,1,0,0,0,0,0,0,1,0,1,0,0,1
-1,1908,Male,0,1,66,30,Business,1908,4,4,1,1,1,1,1,0,0,0,0,0,0,0,0,0,1,0,0,0,1,1
1,3342,Male,0,1,51,36,Electronics,3342,4,2,1,1,1,0,0,0,0,1,0,1,0,0,0,0,1,0,0,0,1,1
1,932,Female,0,0,39,6,Retraining,932,1,3,2,1,0,1,0,0,0,1,0,1,0,0,0,0,1,0,0,0,1,0
1,3104,Male,0,1,31,18,Business,3104,3,1,1,1,1,0,0,0,0,1,0,0,1,0,0,0,1,0,0,0,1,1
1,3913,Male,0,1,23,36,Electronics,3913,2,2,1,1,1,1,1,0,0,1,0,0,0,0,0,0,1,0,0,0,0,1
1,3021,Male,0,0,24,24,Furniture,3021,2,2,1,1,0,0,0,0,0,1,0,0,0,0,0,0,0,1,0,0,0,0
1,1364,Female,0,0,64,10,NewCar,1364,2,4,1,1,1,0,0,0,0,1,0,0,0,0,0,0,1,0,0,0,0,1
1,625,Male,0,0,26,12,Electronics,625,4,1,1,1,0,1,0,0,0,1,0,0,1,0,0,1,1,0,0,1,0,0
1,1200,Female,0,0,23,12,Education,1200,4,4,1,1,1,0,0,0,0,1,0,0,1,0,0,0,0,1,0,0,0,1
1,707,Male,0,1,30,12,Electronics,707,4,2,2,1,0,0,0,0,0,1,0,0,1,0,0,0,1,0,0,0,0,1
1,2978,Male,0,1,32,24,Business,2978,4,4,2,2,1,0,0,0,0,0,0,0,0,0,0,0,1,0,0,0,0,1
1,4657,Male,0,1,30,15,UsedCar,4657,3,2,1,1,1,0,0,0,0,1,0,0,0,0,0,0,1,0,0,0,0,1
1,2613,Male,0,1,27,36,Repairs,2613,4,2,2,1,0,0,0,0,0,1,0,0,0,0,0,0,1,0,0,0,0,1
-1,10961,Male,0,1,27,48,Electronics,10961,1,2,2,1,1,1,0,1,1,1,0,0,1,0,1,0,1,0,0,0,1,1
-1,7865,Male,0,1,53,12,Furniture,7865,4,4,1,1,1,0,0,0,0,1,0,0,0,0,0,0,0,0,0,0,1,1
-1,1478,Male,0,1,22,9,Electronics,1478,4,2,1,1,0,0,0,0,0,1,0,0,0,0,0,0,1,0,0,0,1,1
1,3149,Male,0,1,22,24,Furniture,3149,4,1,1,1,0,0,0,0,0,1,0,0,1,0,0,0,0,0,0,1,0,1
-1,4210,Male,0,1,26,36,Electronics,4210,4,2,1,1,0,1,1,0,0,1,0,0,0,0,0,0,1,0,0,0,0,1
1,2507,Male,0,1,51,9,NewCar,2507,2,4,1,1,0,0,0,1,1,1,0,0,0,0,0,0,0,0,0,0,1,0
1,2141,Male,0,1,35,12,Electronics,2141,3,1,1,1,0,0,0,1,0,1,0,0,0,0,0,0,1,0,0,0,1,1
1,866,Male,0,0,25,18,Electronics,866,4,2,1,1,0,1,0,0,0,1,0,0,0,0,0,1,1,0,0,0,0,0
1,1544,Male,0,1,42,4,Electronics,1544,2,1,3,2,0,0,0,0,0,1,0,1,0,0,0,0,1,0,0,0,1,0
-1,1823,Male,0,1,30,24,Electronics,1823,4,2,1,2,0,0,0,0,0,1,0,0,0,0,0,0,1,0,1,0,0,1
-1,14555,Male,0,1,23,6,NewCar,14555,1,2,1,1,1,1,0,0,0,1,0,0,0,0,0,0,1,0,1,0,0,0
-1,2767,Male,0,0,61,21,Business,2767,4,2,2,1,0,1,0,1,0,1,0,0,1,0,0,0,0,1,0,0,1,0
1,1291,Female,0,0,35,12,Electronics,1291,4,2,2,1,0,0,0,0,0,1,0,1,0,0,0,0,1,0,0,0,0,1
1,2522,Male,0,1,39,30,Electronics,2522,1,3,1,2,0,0,0,0,0,1,0,0,0,0,0,1,1,0,0,0,1,1
-1,915,Female,0,0,29,24,NewCar,915,4,2,1,1,0,0,0,0,0,1,0,0,1,0,0,0,1,0,0,0,1,1
1,1595,Male,0,1,51,6,Electronics,1595,3,2,1,2,0,0,0,0,0,1,0,0,0,0,0,0,1,0,0,0,1,1
-1,4605,Male,0,1,24,48,UsedCar,4605,3,4,2,2,0,0,0,0,0,1,0,0,0,0,0,0,0,0,0,0,1,1
1,1185,Female,0,0,27,12,Business,1185,3,2,2,1,0,0,0,0,0,1,0,1,0,0,0,0,1,0,0,0,0,1
1,3447,Female,0,0,35,12,Retraining,3447,4,3,1,2,0,0,0,1,1,1,1,0,0,0,0,0,1,0,0,0,0,0
1,1258,Male,0,1,25,24,Business,1258,4,1,1,1,1,0,0,0,0,1,0,0,0,0,0,0,1,0,0,0,1,1
1,717,Male,0,1,52,12,Electronics,717,4,4,3,1,0,0,0,0,0,1,0,1,0,0,0,0,1,0,0,0,1,1
1,1204,Male,1,1,35,6,NewCar,1204,4,1,1,1,0,0,0,1,0,1,0,0,1,0,0,0,0,1,0,0,0,1
1,1925,Male,0,1,26,24,Furniture,1925,2,2,1,1,0,1,1,0,0,1,0,0,0,0,0,0,1,0,0,0,0,1
-1,433,Female,0,0,22,18,Electronics,433,3,4,1,1,0,0,0,0,0,1,0,0,0,0,1,0,0,1,1,0,0,1
1,666,Female,0,0,39,6,NewCar,666,3,4,2,1,1,0,0,1,1,1,0,1,0,0,0,0,1,0,0,0,1,0
1,2251,Female,0,0,46,12,Furniture,2251,1,2,1,1,0,1,1,0,0,1,0,0,0,0,0,0,1,0,0,0,0,0
-1,2150,Female,0,0,24,30,NewCar,2150,4,2,1,1,0,1,0,0,0,1,0,0,1,0,0,1,1,0,0,0,0,1
1,4151,Male,0,1,35,24,Furniture,4151,2,3,2,1,0,0,0,1,0,0,0,0,0,0,0,0,1,0,0,0,0,1
1,2030,Male,0,1,24,9,Furniture,2030,2,1,1,1,1,1,0,0,0,1,0,0,0,0,0,0,1,0,0,0,1,1
1,7418,Male,0,1,27,60,Electronics,7418,1,1,1,1,0,1,0,0,0,0,0,0,0,0,0,0,1,0,0,0,0,0
1,2684,Male,0,1,35,24,Electronics,2684,4,2,2,1,0,0,0,0,0,1,0,1,0,0,0,0,1,0,0,0,0,0
-1,2149,Male,0,0,29,12,Electronics,2149,4,1,1,1,0,0,0,0,0,1,1,0,0,0,0,0,0,0,0,0,0,1
1,3812,Female,0,0,23,15,UsedCar,3812,1,4,1,1,1,0,0,1,0,1,0,0,0,0,0,0,1,0,0,1,0,1
1,1154,Female,0,0,57,11,Electronics,1154,4,4,3,1,0,0,0,1,0,1,0,1,0,0,0,0,1,0,1,0,0,0
1,1657,Male,0,1,27,12,Furniture,1657,2,2,1,1,0,0,0,0,0,1,0,0,0,0,0,0,1,0,0,0,0,1
1,1603,Female,0,0,55,24,Electronics,1603,4,4,1,1,0,0,0,0,0,1,0,0,0,0,0,0,1,0,0,0,1,1
1,5302,Male,0,1,36,18,NewCar,5302,2,4,3,1,1,0,0,0,0,1,0,1,0,0,0,0,0,0,0,0,1,1
1,2748,Female,0,0,57,12,Education,2748,2,4,3,1,0,0,0,0,0,1,0,1,1,0,0,0,0,0,0,0,1,0
1,1231,Male,1,1,32,10,NewCar,1231,3,4,2,2,0,0,0,0,0,1,0,1,0,0,0,0,1,0,0,0,1,0
-1,802,Male,0,1,37,15,Electronics,802,4,3,1,2,0,1,0,0,0,1,0,0,0,0,0,0,1,0,0,0,1,1
1,6304,Male,0,1,36,36,Business,6304,4,4,2,1,0,0,0,0,0,1,0,1,0,0,0,0,1,0,0,0,1,1
1,1533,Female,0,0,38,24,Electronics,1533,4,3,1,1,1,0,0,0,0,1,0,0,0,0,0,0,1,0,0,1,0,1
-1,8978,Male,1,0,45,14,NewCar,8978,1,4,1,1,1,0,0,0,0,1,0,0,0,0,0,0,1,0,0,0,1,1
1,999,Male,0,1,25,24,Electronics,999,4,2,2,1,0,0,0,0,0,1,0,0,0,0,0,0,1,0,0,0,1,1
1,2662,Male,1,1,32,18,NewCar,2662,4,3,1,1,0,0,0,0,0,1,0,0,0,0,0,0,1,0,0,0,1,1
1,1402,Female,0,0,37,12,Furniture,1402,3,4,1,1,1,0,0,1,1,1,0,1,0,0,0,0,0,1,0,0,1,1
1,12169,Male,0,1,36,48,NewCar,12169,4,4,1,1,1,1,0,0,0,1,1,0,0,0,1,0,0,0,1,0,0,1
-1,3060,Male,0,1,28,48,Electronics,3060,4,4,2,1,0,1,0,0,0,1,0,0,0,0,0,0,1,0,0,0,1,1
-1,11998,Male,0,0,34,30,Repairs,11998,1,1,1,1,1,0,0,0,0,1,0,0,0,0,0,0,1,0,0,1,0,0
1,2697,Male,0,1,32,9,Electronics,2697,1,2,1,2,0,0,0,0,0,1,0,0,0,0,0,0,1,0,0,0,0,1
1,2404,Female,0,0,26,18,Electronics,2404,2,2,2,1,0,0,0,0,0,1,0,1,0,0,0,0,1,0,0,0,0,1
1,1262,Male,0,0,49,12,Furniture,1262,2,4,1,1,1,0,0,0,0,1,0,0,0,0,0,0,1,0,0,0,1,0
-1,4611,Female,0,0,32,6,Furniture,4611,1,4,1,1,0,0,0,0,0,1,0,0,0,0,0,0,1,0,0,1,0,1
1,1901,Male,0,1,29,24,Electronics,1901,4,4,1,1,1,0,0,1,0,1,0,0,0,0,0,0,0,1,0,0,0,1
1,3368,Male,0,1,23,15,UsedCar,3368,3,4,2,1,1,0,0,1,1,1,0,1,0,0,0,0,0,1,0,0,1,1
1,1574,Male,0,1,50,12,Furniture,1574,4,2,1,1,0,0,0,0,0,1,0,0,0,0,0,0,1,0,0,0,0,1
1,1445,Male,0,1,49,18,Electronics,1445,4,4,1,1,0,1,1,0,0,1,1,0,1,0,0,0,1,0,0,0,1,0
1,1520,Male,0,1,63,15,Furniture,1520,4,4,1,1,0,0,0,0,0,1,0,1,0,0,0,0,1,0,0,0,1,1
1,3878,Male,0,0,37,24,NewCar,3878,4,2,1,1,1,1,0,1,0,1,0,1,0,0,0,0,1,0,0,1,0,1
1,10722,Female,0,0,35,47,NewCar,10722,1,1,1,1,1,0,0,0,0,1,0,0,0,0,0,0,1,0,0,1,0,0
1,4788,Male,0,1,26,48,UsedCar,4788,4,3,1,2,0,0,0,0,0,1,0,0,0,0,0,0,1,0,0,0,1,1
1,7582,Male,0,1,31,48,Other,7582,2,4,1,1,1,1,0,1,0,0,0,0,0,0,0,0,0,0,1,0,0,1
1,1092,Female,0,0,49,12,Electronics,1092,4,4,2,1,1,1,0,0,0,1,0,0,0,0,0,1,1,0,0,0,0,1
-1,1024,Male,0,0,48,24,Electronics,1024,4,4,1,1,0,0,0,0,0,0,0,0,0,0,0,0,1,0,0,1,0,1
1,1076,Male,1,0,26,12,Business,1076,2,2,1,1,1,0,0,0,0,1,0,0,0,0,0,0,1,0,0,0,0,1
-1,9398,Male,0,0,28,36,UsedCar,9398,1,4,1,1,1,1,0,0,0,1,0,0,0,0,0,0,0,1,0,1,0,1
1,6419,Female,0,0,44,24,UsedCar,6419,2,4,2,2,1,0,0,0,0,1,0,1,0,0,0,0,0,0,0,0,1,1
1,4796,Male,0,1,56,42,UsedCar,4796,4,4,1,1,0,1,1,0,0,1,0,1,0,0,0,0,0,0,0,0,1,1
1,7629,Male,0,0,46,48,Business,7629,4,2,2,2,0,0,0,0,0,1,0,1,1,0,0,0,1,0,0,0,1,1
-1,9960,Female,0,0,26,48,Furniture,9960,1,2,1,1,1,1,0,0,0,1,0,0,0,0,0,0,1,0,0,1,0,1
1,4675,Female,0,0,20,12,UsedCar,4675,1,4,1,1,0,0,0,0,0,1,0,0,0,0,0,0,0,1,0,1,0,1
1,1287,Male,1,1,45,10,NewCar,1287,4,2,1,1,0,0,0,0,0,1,0,0,0,0,1,0,1,0,0,0,1,0
1,2515,Male,0,1,43,18,Furniture,2515,3,4,1,1,1,0,0,0,0,1,0,0,0,0,0,0,1,0,0,0,0,1
1,2745,Male,0,1,32,21,Furniture,2745,3,2,2,1,1,1,0,1,1,1,0,1,0,0,0,0,1,0,0,0,1,1
1,672,Female,0,0,54,6,NewCar,672,1,4,1,1,1,0,0,0,0,1,0,0,0,0,0,0,1,0,1,0,0,0
-1,3804,Female,0,0,42,36,Electronics,3804,4,1,1,1,1,1,0,0,0,1,0,0,0,0,0,0,1,0,0,0,0,1
-1,1344,Male,0,1,37,24,NewCar,1344,4,2,2,2,0,1,1,0,0,1,0,1,1,0,0,0,1,0,0,0,1,0
1,1038,Male,0,1,49,10,NewCar,1038,4,3,2,1,1,0,0,0,0,1,0,1,0,0,1,0,1,0,0,0,1,1
-1,10127,Male,0,1,44,48,NewCar,10127,2,2,1,1,0,0,0,1,1,1,0,1,1,0,0,0,0,0,0,0,0,1
1,1543,Male,0,0,33,6,Furniture,1543,4,2,1,1,0,0,0,1,1,1,0,0,0,0,0,0,1,0,0,0,0,1
1,4811,Female,0,0,24,30,UsedCar,4811,2,4,1,1,0,0,0,0,0,1,0,0,0,0,0,0,0,1,0,0,1,0
-1,727,Male,0,0,33,12,Electronics,727,4,3,1,1,1,0,0,1,0,1,0,0,0,0,0,0,1,0,0,1,0,0
-1,1237,Female,0,0,24,8,Furniture,1237,3,4,1,1,0,1,0,0,0,1,0,0,0,0,0,0,1,0,0,0,0,1
1,276,Male,0,0,22,9,NewCar,276,4,4,1,1,0,1,0,0,0,1,0,0,0,0,0,0,0,1,0,0,0,0
1,5381,Male,0,1,40,48,Other,5381,3,4,1,1,1,1,0,0,0,1,0,0,1,0,0,0,0,0,1,0,0,0
1,5511,Male,0,1,25,24,Furniture,5511,4,1,1,1,0,0,0,1,0,1,0,0,0,0,0,0,1,0,0,0,0,1
1,3749,Female,0,0,26,24,Furniture,3749,2,4,1,1,0,1,1,0,0,1,0,0,0,0,0,0,1,0,0,1,0,1
-1,685,Male,0,0,25,12,NewCar,685,2,3,1,1,0,1,0,0,0,1,0,0,1,0,0,0,1,0,0,0,1,0
1,1494,Male,1,1,29,4,NewCar,1494,1,2,1,2,0,1,1,0,0,1,0,0,0,0,0,0,1,0,0,1,0,0
-1,2746,Male,0,1,31,36,Furniture,2746,4,4,1,1,0,0,0,0,0,1,1,0,1,0,0,0,1,0,0,0,1,1
1,708,Male,0,1,38,12,Furniture,708,2,3,1,2,0,0,0,0,0,1,0,0,0,0,0,1,1,0,0,0,0,0
1,4351,Female,0,0,48,24,Furniture,4351,1,4,1,1,1,1,0,0,0,1,0,0,0,0,0,0,1,0,0,0,0,0
1,701,Male,0,1,32,12,Education,701,4,2,2,1,0,0,0,0,0,1,0,1,0,0,0,0,1,0,0,0,0,1
1,3643,Female,0,0,27,15,Furniture,3643,1,4,2,1,0,0,0,0,0,0,0,0,0,0,0,0,1,0,0,0,1,0
-1,4249,Male,0,0,28,30,NewCar,4249,4,2,2,1,0,1,0,0,0,1,0,1,0,0,0,0,1,0,1,0,0,1
-1,1938,Male,0,0,32,24,Electronics,1938,4,3,1,1,0,0,0,0,0,1,0,0,0,0,0,0,1,0,0,1,0,1
1,2910,Male,0,1,34,24,UsedCar,2910,2,1,1,1,1,0,0,0,0,1,0,0,0,0,0,0,0,0,0,0,1,1
1,2659,Male,0,1,28,18,Furniture,2659,4,2,1,1,0,0,0,1,1,1,0,0,0,0,0,0,1,0,0,0,0,1
1,1028,Female,0,0,36,18,NewCar,1028,4,3,2,1,0,0,0,0,0,1,0,1,0,0,0,0,1,0,0,0,0,1
1,3398,Male,1,1,39,8,NewCar,3398,1,4,2,1,0,0,0,0,0,1,0,1,0,0,0,0,1,0,0,0,1,0
1,5801,Male,0,1,49,12,Furniture,5801,2,4,1,1,1,0,0,0,0,1,0,1,0,0,0,0,0,1,0,0,1,1
1,1525,Female,0,0,34,24,NewCar,1525,4,3,1,2,1,0,0,1,1,1,0,0,0,0,0,0,1,0,0,0,1,1
1,4473,Male,0,1,31,36,Electronics,4473,4,2,1,1,0,1,1,0,0,1,0,0,0,0,0,0,1,0,0,0,1,1
1,1068,Male,0,1,28,6,Electronics,1068,4,4,1,2,0,1,0,0,0,1,0,0,0,0,0,0,1,0,0,0,1,1
1,6615,Male,0,1,75,24,UsedCar,6615,2,4,2,1,1,0,0,0,0,1,0,1,0,0,0,0,0,0,1,0,0,1
-1,1864,Female,0,0,30,18,Education,1864,4,2,2,1,0,0,0,1,0,1,0,1,0,0,0,0,1,0,0,0,0,1
-1,7408,Female,0,0,24,60,NewCar,7408,4,2,1,1,0,1,0,1,0,1,0,0,0,0,0,0,1,0,0,1,0,1
-1,11590,Female,0,0,24,48,UsedCar,11590,2,4,2,1,0,0,0,1,0,1,0,1,1,0,0,0,0,1,0,0,0,0
-1,4110,Male,0,1,23,24,Furniture,4110,3,4,2,2,0,0,0,0,0,1,0,0,1,0,0,0,0,1,0,0,1,1
-1,3384,Male,0,0,44,6,Furniture,3384,1,4,1,1,1,0,0,0,0,1,0,1,0,0,0,0,0,1,0,0,0,1
1,2101,Female,0,0,23,13,Electronics,2101,2,4,1,1,0,1,0,0,0,1,0,0,0,0,0,1,1,0,0,1,0,0
-1,1275,Female,0,0,24,15,HomeAppliances,1275,4,2,1,1,0,0,0,0,0,1,0,0,0,0,0,0,0,1,0,0,0,1
1,4169,Male,0,1,28,24,Furniture,4169,4,4,1,1,0,0,0,0,0,1,0,0,0,0,0,0,1,0,0,0,0,1
1,1521,Male,0,0,31,10,Furniture,1521,4,2,1,1,0,1,0,0,0,1,0,0,0,0,0,0,1,0,0,0,0,0
1,5743,Female,0,0,24,24,Education,5743,2,4,2,1,1,1,0,0,0,1,0,1,0,0,0,0,0,0,0,1,0,1
1,3599,Female,0,0,26,21,Furniture,3599,1,4,1,1,0,0,0,0,0,1,0,0,0,0,0,0,0,1,0,0,1,0
1,3213,Male,0,0,25,18,Electronics,3213,1,3,1,1,0,1,0,1,1,1,0,0,0,0,0,0,0,1,0,1,0,1
1,4439,Male,0,1,33,18,Business,4439,1,1,1,1,1,1,0,0,0,1,0,0,1,0,1,0,1,0,0,0,1,1
1,3949,Male,0,1,37,10,NewCar,3949,1,1,1,2,0,1,1,0,0,1,0,0,0,0,0,1,1,0,0,1,0,0
1,1459,Female,0,0,43,15,Electronics,1459,4,2,1,1,0,0,0,0,0,1,0,1,0,0,0,0,1,0,0,0,0,0
1,882,Male,0,1,23,13,Electronics,882,4,4,2,1,0,1,0,0,0,1,0,1,0,0,0,1,1,0,0,1,0,1
1,3758,Female,0,0,23,24,Electronics,3758,1,4,1,1,0,1,0,1,1,1,0,0,0,0,0,0,0,1,1,0,0,0
1,1743,Male,0,1,34,6,Business,1743,1,2,2,1,0,0,0,1,0,0,0,0,0,0,0,0,1,0,0,0,0,0
-1,1136,Male,0,1,32,9,Education,1136,4,3,2,2,0,1,0,1,1,1,0,1,0,0,0,0,0,0,0,0,1,1
1,1236,Female,0,0,23,9,HomeAppliances,1236,1,4,1,1,1,0,0,0,0,1,0,0,0,0,0,0,0,1,0,1,0,1
-1,959,Female,1,0,29,9,Furniture,959,1,2,1,1,0,1,0,0,0,1,0,0,0,0,0,0,1,0,0,0,0,1
1,3229,Male,0,1,38,18,UsedCar,3229,2,4,1,1,1,0,0,0,0,1,0,1,0,0,0,0,1,0,1,0,0,1
-1,6199,Male,0,1,28,12,Electronics,6199,4,2,2,1,1,0,0,0,0,1,0,0,0,0,0,0,0,1,0,0,0,1
1,727,Male,0,1,46,10,Education,727,4,4,1,1,1,0,0,1,1,1,0,0,0,0,0,0,0,0,0,0,1,1
-1,1246,Male,0,1,23,24,NewCar,1246,4,2,1,1,0,1,0,0,0,1,0,0,0,0,0,0,1,0,0,1,0,0
1,2331,Male,0,1,49,12,Electronics,2331,1,4,1,1,1,0,0,0,0,1,0,1,0,0,1,0,1,0,0,0,1,1
-1,4463,Male,0,1,26,36,Electronics,4463,4,2,2,1,1,0,0,0,0,0,0,0,0,0,0,0,1,0,0,0,0,1
1,776,Male,0,0,28,12,Electronics,776,4,2,1,1,0,0,0,0,0,1,0,0,0,0,0,0,1,0,0,0,0,1
-1,2406,Female,0,0,23,30,Furniture,2406,4,4,1,1,0,0,0,0,0,1,0,0,0,0,0,0,0,1,0,0,1,1
1,1239,Male,0,1,61,18,Education,1239,4,4,1,1,0,1,0,0,0,1,0,0,0,0,0,0,0,0,0,0,0,1
1,3399,Male,0,1,37,12,Electronics,3399,2,3,1,1,0,1,1,0,0,1,0,0,0,0,0,0,1,0,0,0,1,1
1,2247,Female,0,0,36,12,NewCar,2247,2,2,2,1,1,1,1,0,0,0,0,0,0,0,0,0,1,0,0,0,0,1
1,1766,Male,0,0,21,6,Furniture,1766,1,2,1,1,0,0,0,0,0,1,0,0,0,0,0,0,0,1,0,0,0,1
-1,2473,Male,0,1,25,18,Furniture,2473,4,1,1,1,0,0,0,0,0,1,0,0,0,0,0,0,1,0,1,0,0,0
1,1542,Male,0,1,36,12,Business,1542,2,4,1,1,1,0,0,0,0,1,0,0,0,0,0,0,1,0,0,0,1,1
1,3850,Male,0,1,27,18,UsedCar,3850,3,1,2,1,0,0,0,0,0,1,0,1,0,0,0,0,1,0,0,0,1,1
1,3650,Female,0,0,22,18,Furniture,3650,1,4,1,1,0,0,0,0,0,1,0,0,0,0,0,0,0,1,0,1,0,1
-1,3446,Male,0,1,42,36,Furniture,3446,4,2,1,2,0,0,0,0,0,1,0,0,0,0,0,0,1,0,0,0,1,1
1,3001,Female,0,0,40,18,Furniture,3001,2,4,1,1,0,1,0,0,0,1,0,0,0,0,0,0,0,1,0,0,1,1
1,3079,Male,0,1,36,36,NewCar,3079,4,4,1,1,0,0,0,0,0,1,0,0,0,0,0,0,1,0,0,0,0,1
1,6070,Male,0,1,33,18,Electronics,6070,3,4,2,1,1,0,0,0,0,1,0,1,0,0,0,0,1,0,0,0,1,1
1,2146,Female,0,0,23,10,Furniture,2146,1,3,2,1,0,0,0,0,0,1,0,1,0,0,0,0,0,1,0,1,0,1
1,13756,Male,0,1,63,60,NewCar,13756,2,4,1,1,1,0,0,0,0,1,0,1,1,0,0,0,0,0,0,0,1,1
-1,14782,Female,0,0,60,60,Other,14782,3,4,2,1,1,1,0,1,0,1,1,0,1,0,0,0,0,0,0,0,1,1
-1,7685,Female,0,0,37,48,Business,7685,2,4,1,1,0,0,0,0,0,1,1,0,0,0,0,1,0,1,0,0,1,1
1,2320,Male,0,0,34,18,Electronics,2320,2,3,2,1,0,0,0,0,0,0,0,0,0,0,0,0,1,0,1,0,0,1
1,846,Male,0,1,36,7,Electronics,846,3,4,1,1,0,0,0,0,0,0,0,0,0,0,0,0,0,0,0,0,1,1
-1,14318,Male,0,1,57,36,NewCar,14318,4,2,1,1,1,1,0,0,0,1,0,0,0,0,0,0,0,0,0,0,1,1
1,362,Female,0,0,52,6,NewCar,362,4,4,2,1,0,0,0,1,0,1,0,1,0,0,0,0,1,0,0,0,0,0
1,2212,Male,0,1,39,20,Furniture,2212,4,4,1,1,1,0,0,0,0,1,0,0,0,0,0,0,1,0,0,0,1,1
-1,12976,Female,0,0,38,18,UsedCar,12976,3,4,1,1,1,1,0,0,0,1,0,0,0,0,0,0,0,0,1,0,0,1
1,1283,Female,0,0,25,22,NewCar,1283,4,4,1,1,0,0,0,0,0,1,0,0,0,0,0,0,0,1,0,0,1,1
1,1330,Male,0,1,26,12,NewCar,1330,4,1,1,1,0,1,1,0,0,1,0,0,0,0,0,0,1,0,0,1,0,1
1,4272,Male,0,1,26,30,Business,4272,2,2,2,1,0,0,0,1,0,0,0,0,0,0,0,0,1,0,0,0,0,0
1,2238,Female,0,0,25,18,Electronics,2238,2,1,2,1,0,0,0,0,0,1,0,1,0,0,0,0,1,0,0,0,0,1
1,1126,Female,0,0,21,18,Electronics,1126,4,2,1,1,1,0,0,0,0,1,0,0,0,0,0,0,0,1,0,1,0,1
1,7374,Male,0,1,40,18,Furniture,7374,4,4,2,1,1,1,0,0,0,1,0,1,0,0,0,0,1,0,1,0,0,1
1,2326,Male,0,1,27,15,Business,2326,2,4,1,1,0,1,0,1,1,1,0,1,1,0,0,0,1,0,0,0,0,1
1,1449,Female,0,0,27,9,Business,1449,3,2,2,1,0,0,0,0,0,1,0,0,0,0,0,0,1,0,0,0,1,1
1,1820,Male,0,0,30,18,NewCar,1820,2,2,1,1,1,0,0,0,0,1,0,0,0,0,0,0,1,0,0,0,0,1
1,983,Female,0,0,19,12,Furniture,983,1,4,1,1,0,1,0,1,1,1,0,0,0,0,0,0,0,1,0,1,0,0
1,3249,Male,0,1,39,36,NewCar,3249,2,4,1,2,1,0,0,0,0,1,0,0,1,0,0,0,0,0,0,0,1,1
1,1957,Female,0,0,31,6,Electronics,1957,1,4,1,1,0,0,0,0,0,1,0,1,0,0,0,0,1,0,0,0,1,1
1,2406,Male,0,1,31,9,Furniture,2406,2,3,1,1,0,0,0,0,0,1,0,1,0,0,0,0,1,0,1,0,0,1
1,11760,Male,0,1,32,39,Education,11760,2,3,1,1,1,1,0,1,0,0,0,0,0,0,0,0,0,1,0,0,1,1
1,2578,Female,0,0,55,12,Furniture,2578,3,4,1,1,0,0,0,0,0,1,0,0,0,0,0,0,0,0,1,0,0,1
1,2348,Male,0,0,46,36,Furniture,2348,3,2,2,1,1,0,0,0,0,1,0,1,0,0,0,0,1,0,0,0,0,1
-1,1223,Male,0,0,46,12,NewCar,1223,1,1,2,1,0,1,0,0,0,1,0,0,0,0,0,0,0,1,0,0,1,1
1,1516,Female,0,0,43,24,Electronics,1516,4,1,2,1,0,0,0,1,1,1,0,1,0,0,0,0,1,0,0,0,0,0
1,1473,Male,0,0,39,18,Electronics,1473,3,4,1,1,1,0,0,0,0,1,0,0,0,0,0,0,1,0,0,1,0,1
1,1887,Male,0,0,28,18,Business,1887,4,4,2,1,0,1,0,0,0,1,0,1,1,0,0,0,1,0,0,0,0,1
-1,8648,Male,0,1,27,24,Business,8648,2,2,2,1,1,0,0,0,0,0,0,0,1,0,0,0,1,0,0,1,0,1
1,802,Male,0,1,27,14,NewCar,802,4,2,2,1,0,0,0,0,0,0,0,0,0,0,0,0,1,0,0,0,0,0
1,2899,Male,0,1,43,18,NewCar,2899,4,4,1,2,0,1,0,0,0,0,0,0,0,0,0,0,1,0,0,0,1,1
-1,2039,Male,0,0,22,24,Electronics,2039,1,1,1,1,1,1,0,0,0,1,0,0,0,0,0,0,1,0,0,1,0,1
1,2197,Male,0,1,43,24,UsedCar,2197,4,4,2,2,1,0,0,0,0,1,0,1,0,0,0,0,1,0,0,0,1,1
1,1053,Male,1,0,27,15,Electronics,1053,4,2,1,1,0,0,0,0,0,1,0,0,0,0,0,0,1,0,0,1,0,1
1,3235,Male,0,0,26,24,Electronics,3235,3,2,1,1,1,0,0,1,1,1,0,0,0,0,0,0,1,0,0,0,1,1
-1,939,Male,0,0,28,12,NewCar,939,4,2,3,1,1,1,1,1,1,1,0,1,0,0,0,0,1,0,0,0,1,1
1,1967,Female,0,0,20,24,Electronics,1967,4,4,1,1,1,1,0,0,0,1,0,0,0,0,0,0,1,0,0,0,1,1
1,7253,Male,0,1,35,33,UsedCar,7253,3,2,2,1,1,0,0,0,0,1,0,1,0,0,0,0,1,0,0,0,1,1
-1,2292,Male,0,1,42,12,Business,2292,4,2,2,1,1,0,0,0,0,1,0,1,0,0,0,0,1,0,1,0,0,1
1,1597,Male,1,1,40,10,NewCar,1597,3,2,1,2,0,0,0,1,1,1,0,0,0,0,0,0,0,1,0,0,0,0
-1,1381,Female,0,0,35,24,NewCar,1381,4,2,1,1,0,0,0,0,0,1,0,0,0,0,0,0,1,0,0,0,0,1
1,5842,Male,0,1,35,36,UsedCar,5842,2,2,2,2,1,0,0,0,0,1,0,1,0,0,0,0,1,0,0,0,1,1
-1,2579,Male,0,1,33,12,NewCar,2579,4,1,1,2,0,0,0,0,0,1,0,0,0,0,0,0,1,0,0,1,0,0
1,8471,Female,0,0,23,18,Education,8471,1,2,2,1,1,0,0,0,0,0,0,0,0,0,0,0,0,1,0,0,0,1
1,2782,Female,0,0,31,21,NewCar,2782,1,2,1,1,0,0,0,1,1,1,0,0,1,0,0,0,1,0,0,0,1,1
-1,1042,Female,0,0,33,18,NewCar,1042,4,2,1,1,0,1,0,0,0,1,0,0,0,0,0,0,1,0,0,0,0,1
1,3186,Female,0,0,20,15,NewCar,3186,2,3,1,1,0,0,0,1,1,1,0,0,0,0,0,0,0,1,0,0,1,1
1,2028,Male,0,1,30,12,UsedCar,2028,4,2,1,1,0,1,0,0,0,1,0,0,0,0,0,0,1,0,0,0,0,1
1,958,Male,0,1,47,12,NewCar,958,2,3,2,2,0,1,0,0,0,1,0,1,0,0,0,0,1,0,0,0,1,0
1,1591,Male,0,1,34,21,Furniture,1591,4,3,2,1,0,0,0,1,0,0,0,0,0,0,0,0,1,0,0,0,1,1
-1,2762,Female,0,0,25,12,Furniture,2762,1,2,1,1,1,1,0,0,0,1,0,0,1,0,0,0,1,0,0,0,1,1
1,2779,Male,0,0,21,18,UsedCar,2779,1,3,1,1,1,1,0,0,0,1,0,0,0,0,0,0,0,1,0,0,0,1
1,2743,Male,0,1,29,28,Electronics,2743,4,2,2,1,0,0,0,0,0,1,0,1,0,0,0,0,1,0,0,0,1,1
1,1149,Male,0,1,46,18,Electronics,1149,4,3,2,1,0,0,0,1,1,1,0,1,0,0,0,0,1,0,0,0,0,1
1,1313,Male,0,1,20,9,Furniture,1313,1,4,1,1,0,0,0,0,0,1,0,0,0,0,0,0,1,0,0,0,1,1
-1,1190,Female,0,0,55,18,Repairs,1190,2,4,3,2,0,0,0,0,0,1,0,1,0,0,0,0,0,0,1,0,0,0
1,3448,Male,0,1,74,5,Business,3448,1,4,1,1,0,0,0,0,0,1,0,0,0,0,0,0,1,0,0,0,1,0
-1,11328,Male,0,1,29,24,Other,11328,2,3,2,1,1,1,0,0,0,1,0,0,1,0,1,0,1,0,0,0,0,1
1,1872,Male,0,1,36,6,Furniture,1872,4,4,3,1,1,0,0,0,0,1,0,1,0,0,0,0,0,0,1,0,0,1
1,2058,Male,0,0,33,24,Repairs,2058,4,2,2,1,1,0,0,0,0,1,0,1,0,0,0,0,1,0,0,0,0,1
1,2136,Male,0,1,25,9,Furniture,2136,3,2,1,1,0,0,0,0,0,1,0,0,0,0,0,0,1,0,0,0,0,1
-1,1484,Male,0,0,25,12,Electronics,1484,2,1,1,1,1,1,0,0,0,1,0,0,0,0,0,0,1,0,0,0,0,1
1,660,Male,0,0,23,6,Repairs,660,2,4,1,1,0,0,0,1,1,1,0,0,0,0,0,0,0,1,0,0,1,0
1,1287,Female,0,0,37,24,NewCar,1287,4,4,2,1,1,0,0,1,1,1,0,1,0,0,0,0,1,0,0,0,1,1
1,3394,Male,0,1,65,42,Repairs,3394,4,4,2,1,0,0,0,0,0,1,0,1,0,0,1,0,1,0,1,0,0,0
-1,609,Female,0,0,26,12,Business,609,4,1,1,1,0,1,1,0,0,1,1,0,0,0,0,0,1,0,0,1,0,0
1,1884,Male,0,1,39,12,NewCar,1884,4,4,1,1,1,0,0,0,0,1,0,0,0,0,0,0,1,0,0,0,1,1
1,1620,Female,0,0,30,12,Furniture,1620,2,3,1,1,0,0,0,0,0,1,0,0,0,0,1,0,1,0,0,0,0,1
1,2629,Male,0,1,29,20,Other,2629,2,3,2,1,1,1,0,0,0,0,0,0,1,0,0,0,1,0,0,0,0,1
-1,719,Male,0,1,41,12,Education,719,4,4,1,2,0,0,0,0,0,1,0,0,1,0,0,0,1,0,0,0,1,0
-1,5096,Female,0,0,30,48,Furniture,5096,2,3,1,1,1,1,0,0,0,1,0,1,0,0,0,0,1,0,0,0,0,1
1,1244,Female,0,0,41,9,Education,1244,4,4,2,1,0,0,0,0,0,1,0,1,0,0,0,0,0,1,0,0,1,0
-1,1842,Female,0,0,34,36,NewCar,1842,4,4,1,1,1,0,0,0,0,1,0,0,0,0,0,0,1,0,0,1,0,1
1,2576,Male,0,1,35,7,Electronics,2576,2,2,1,1,0,1,0,0,0,1,0,0,0,0,0,1,1,0,0,0,0,1
1,1424,Female,0,0,55,12,Furniture,1424,3,4,1,1,1,1,1,0,0,1,0,0,0,0,0,0,1,0,0,0,1,1
-1,1512,Male,0,0,61,15,Repairs,1512,3,3,2,1,0,1,0,1,1,0,0,0,0,0,0,0,1,0,0,0,0,1
1,11054,Male,0,1,30,36,UsedCar,11054,4,2,1,1,1,0,0,0,0,1,0,1,0,0,0,0,1,0,0,0,0,1
1,518,Female,0,0,29,6,Electronics,518,3,1,1,1,0,0,0,0,0,1,0,0,0,0,0,0,1,0,0,0,0,1
1,2759,Male,0,1,34,12,Furniture,2759,2,4,2,1,0,0,0,0,0,1,0,0,0,0,0,0,1,0,0,0,1,1
1,2670,Male,0,1,35,24,UsedCar,2670,4,4,1,1,1,0,0,0,0,1,0,0,0,0,0,0,1,0,0,0,1,1
-1,4817,Male,0,1,31,24,NewCar,4817,2,3,1,1,1,0,0,0,0,1,0,0,0,0,1,0,1,0,0,0,1,1
1,2679,Female,0,0,29,24,UsedCar,2679,4,1,1,1,1,0,0,0,0,1,0,0,0,0,0,0,1,0,0,1,0,1
1,3905,Male,0,1,36,11,NewCar,3905,2,2,2,2,0,0,0,0,0,1,0,1,0,0,0,0,0,1,0,0,0,1
-1,3386,Male,0,1,35,12,UsedCar,3386,3,4,1,1,1,0,0,0,0,1,0,0,0,0,0,0,0,0,0,0,1,1
1,343,Female,0,0,27,6,HomeAppliances,343,4,1,1,1,0,0,0,0,0,1,0,0,0,0,0,0,1,0,0,1,0,1
1,4594,Male,0,1,32,18,Electronics,4594,3,2,1,1,1,0,0,0,0,1,0,0,0,0,0,0,1,0,0,1,0,1
1,3620,Male,0,1,37,36,Furniture,3620,1,2,1,2,0,0,0,0,0,1,0,0,0,0,0,1,1,0,0,0,0,1
1,1721,Male,0,1,36,15,NewCar,1721,2,3,1,1,0,0,0,0,0,1,0,0,0,0,0,0,1,0,0,1,0,1
1,3017,Female,0,0,34,12,Furniture,3017,3,1,1,1,0,1,0,0,0,1,0,0,0,0,0,0,0,1,0,1,0,1
1,754,Male,0,1,38,12,Retraining,754,4,4,2,1,0,1,0,0,0,1,0,0,0,0,0,0,1,0,0,0,1,1
1,1950,Male,0,1,34,18,Business,1950,4,1,2,1,1,0,0,0,0,1,0,0,0,0,0,0,1,0,0,0,1,1
1,2924,Male,0,1,63,24,UsedCar,2924,3,4,1,2,1,0,0,0,0,1,0,0,1,0,0,1,1,0,0,0,0,1
-1,1659,Female,0,0,29,24,Electronics,1659,4,2,1,1,1,0,0,0,0,0,0,0,0,0,0,0,0,1,0,1,0,0
1,7238,Male,0,1,32,48,Electronics,7238,3,3,2,2,0,0,0,0,0,0,0,0,1,0,0,0,1,0,0,0,1,1
1,2764,Female,0,0,26,33,Business,2764,2,2,2,1,1,0,0,0,0,0,0,0,0,0,0,0,1,0,0,0,0,1
1,4679,Male,0,1,35,24,UsedCar,4679,3,3,2,1,1,0,0,0,0,0,0,0,0,0,0,0,1,0,0,0,1,0
-1,3092,Male,0,0,22,24,Electronics,3092,3,2,1,1,1,1,0,1,0,1,0,0,0,0,0,0,0,1,0,1,0,1
-1,448,Female,0,0,23,6,Education,448,4,4,1,1,0,0,0,0,0,1,0,0,0,0,0,0,1,0,0,1,0,1
-1,654,Male,0,1,28,9,NewCar,654,4,3,1,1,0,0,0,0,0,1,0,0,0,0,0,0,1,0,0,0,0,0
1,1238,Male,0,1,36,6,Retraining,1238,4,4,1,2,1,0,0,0,0,1,0,0,0,0,0,0,1,0,1,0,0,1
-1,1245,Male,0,0,33,18,Electronics,1245,4,2,1,1,0,1,0,0,0,1,0,1,0,0,0,0,1,0,0,0,0,1
-1,3114,Female,0,0,26,18,Furniture,3114,1,4,1,1,0,0,0,0,0,1,0,0,0,0,0,0,0,1,0,1,0,1
1,2569,Male,0,1,24,39,UsedCar,2569,4,4,1,1,0,0,0,1,1,1,0,0,0,0,0,0,1,0,0,0,0,1
1,5152,Male,0,1,25,24,Electronics,5152,4,2,1,1,0,1,1,0,0,1,0,0,1,0,0,0,1,0,0,0,1,1
1,1037,Male,0,1,39,12,Business,1037,3,4,1,1,0,1,0,1,0,1,0,0,0,0,0,0,1,0,0,0,1,0
1,1478,Male,0,1,44,15,Furniture,1478,4,4,2,2,1,0,0,0,0,1,0,1,0,0,0,0,1,0,0,0,1,1
1,3573,Female,0,0,23,12,Electronics,3573,1,1,1,1,0,1,0,0,0,1,0,1,0,0,0,0,1,0,0,0,0,0
1,1201,Male,0,1,26,24,NewCar,1201,4,1,1,1,0,1,0,0,0,1,0,0,0,0,0,0,1,0,0,1,0,1
1,3622,Female,0,0,57,30,Furniture,3622,4,4,2,1,1,0,0,1,1,1,0,0,0,0,0,0,0,1,0,0,1,1
1,960,Female,0,0,30,15,Furniture,960,3,2,2,1,0,0,0,1,1,0,0,0,0,0,0,0,1,0,0,0,1,1
1,1163,Male,0,1,44,12,NewCar,1163,4,4,1,1,1,0,0,1,1,1,0,1,0,0,0,0,1,0,0,0,0,1
-1,1209,Male,0,1,47,6,NewCar,1209,4,4,1,1,1,1,0,0,0,0,0,0,0,0,0,0,1,0,1,0,0,1
1,3077,Male,0,1,52,12,Electronics,3077,2,4,1,1,1,0,0,0,0,1,0,0,0,0,0,0,1,0,0,0,0,1
1,3757,Female,0,0,62,24,NewCar,3757,4,4,1,1,1,0,0,0,0,1,0,0,0,0,1,0,0,0,0,0,1,1
1,1418,Male,1,1,35,10,NewCar,1418,3,2,1,1,0,0,0,1,0,1,0,0,0,0,0,0,0,1,0,0,0,0
1,3518,Male,0,1,26,6,NewCar,3518,2,3,1,1,0,0,0,0,0,1,0,0,0,0,0,1,0,1,0,0,0,1
1,1934,Male,0,1,26,12,Electronics,1934,2,2,2,1,0,0,0,0,0,1,0,1,0,0,0,0,1,0,0,0,1,1
-1,8318,Female,0,0,42,27,Business,8318,2,4,2,1,1,1,0,0,0,1,0,0,0,0,0,0,0,0,0,0,1,1
1,1237,Female,0,0,27,6,Electronics,1237,1,1,2,1,0,0,0,1,0,1,0,1,0,0,0,0,1,0,0,0,0,1
1,368,Male,0,1,38,6,Electronics,368,4,4,1,1,0,1,0,0,0,1,0,0,0,0,0,0,1,0,0,0,1,1
1,2122,Male,1,1,39,12,NewCar,2122,3,2,2,2,0,0,0,0,0,1,0,1,0,0,0,0,0,1,0,0,0,0
-1,2996,Male,0,0,20,24,Furniture,2996,2,4,1,1,0,0,0,0,0,1,0,0,0,0,0,0,1,0,0,0,0,1
-1,9034,Male,0,1,29,36,Furniture,9034,4,1,1,1,1,1,0,1,0,1,0,0,0,0,1,0,0,1,0,1,0,1
1,1585,Male,0,1,40,24,Furniture,1585,4,3,2,1,0,0,0,0,0,1,0,1,0,0,0,0,1,0,0,0,1,1
1,1301,Male,0,0,32,18,Electronics,1301,4,2,1,1,0,1,0,0,0,1,0,0,0,0,0,1,1,0,0,0,1,0
1,1323,Male,0,0,28,6,NewCar,1323,2,4,2,2,1,1,1,1,0,1,0,1,0,0,0,0,1,0,0,0,1,1
-1,3123,Female,0,0,27,24,NewCar,3123,4,1,1,1,0,0,0,0,0,1,0,0,0,0,0,0,1,0,0,1,0,1
1,5493,Male,0,1,42,36,UsedCar,5493,2,4,1,2,0,0,0,0,0,1,0,0,0,0,0,0,0,0,0,0,1,1
1,1126,Male,0,0,49,9,Electronics,1126,2,4,1,1,0,1,1,1,0,1,0,0,0,0,0,0,1,0,0,0,1,1
-1,1216,Male,0,1,38,24,Electronics,1216,4,4,2,2,0,1,0,1,0,1,0,1,1,0,0,0,1,0,0,1,0,1
-1,1207,Female,0,0,24,24,NewCar,1207,4,4,1,1,0,0,0,0,0,1,0,0,0,0,0,0,0,1,0,1,0,1
-1,1309,Male,0,1,27,10,NewCar,1309,4,4,1,1,0,0,0,0,0,1,0,0,0,0,0,1,1,0,0,0,0,0
1,2360,Male,0,1,36,15,UsedCar,2360,2,2,1,1,1,1,1,1,1,1,0,1,0,0,0,0,1,0,0,0,0,1
-1,6850,Male,0,1,34,15,NewCar,6850,1,2,1,2,1,1,0,1,0,1,1,0,0,0,0,0,1,0,1,0,0,1
1,1413,Male,0,0,28,24,Electronics,1413,4,2,1,1,0,0,0,0,0,1,0,0,0,0,0,0,1,0,0,0,0,1
1,8588,Male,0,1,45,39,UsedCar,8588,4,2,1,1,1,0,0,1,0,1,0,0,0,0,0,0,1,0,0,0,1,1
-1,759,Male,0,1,26,12,NewCar,759,4,2,1,1,0,0,0,0,0,1,0,0,0,0,0,0,1,0,0,0,1,1
1,4686,Male,0,1,32,36,UsedCar,4686,2,2,1,1,1,0,0,0,0,1,0,0,0,0,0,0,0,0,0,0,0,1
1,2687,Male,0,1,26,15,Business,2687,2,4,1,1,1,1,1,0,0,1,0,0,0,0,0,0,0,1,0,0,1,1
1,585,Male,0,0,20,12,Electronics,585,4,4,2,1,0,1,0,0,0,0,0,0,0,0,1,0,0,1,0,0,0,1
1,2255,Male,0,1,54,24,NewCar,2255,4,1,1,1,0,0,0,0,0,1,0,0,0,0,0,0,1,0,0,1,0,1
1,609,Female,1,0,37,6,NewCar,609,4,3,2,1,0,0,0,0,0,1,0,1,0,0,0,0,1,0,0,0,1,1
1,1361,Male,1,1,40,6,NewCar,1361,2,4,1,2,0,0,0,0,0,1,0,1,0,0,0,0,1,0,0,1,0,0
-1,7127,Female,0,0,23,36,Furniture,7127,2,4,2,1,1,0,0,0,0,1,0,1,0,0,0,0,0,1,0,1,0,1
1,1203,Male,0,1,43,6,NewCar,1203,3,2,1,1,1,0,0,1,0,1,0,0,0,0,0,0,1,0,0,0,1,1
1,700,Male,0,1,36,6,Electronics,700,4,4,2,1,0,0,0,0,0,1,0,1,0,0,0,0,0,0,0,0,1,1
1,5507,Male,0,1,44,24,Repairs,5507,3,4,2,1,0,0,0,0,0,1,0,1,0,0,0,0,0,0,0,0,1,1
-1,3190,Female,0,0,24,18,Electronics,3190,2,2,1,1,0,0,0,0,0,1,0,0,0,0,0,0,1,0,0,0,0,1
-1,7119,Male,0,1,53,48,Furniture,7119,3,4,2,2,0,0,0,0,0,1,0,0,0,0,0,0,0,0,0,0,0,1
1,3488,Female,0,0,23,24,UsedCar,3488,3,4,1,1,0,0,0,1,0,1,0,0,0,0,0,0,1,0,0,0,1,1
1,1113,Female,0,0,26,18,Electronics,1113,4,4,1,2,0,1,0,0,0,1,0,0,0,0,0,1,1,0,0,0,0,0
1,7966,Male,0,1,30,26,UsedCar,7966,2,3,2,1,0,1,0,0,0,1,0,0,0,0,0,0,1,0,0,1,0,1
1,1532,Female,0,0,31,15,Education,1532,4,3,1,1,0,0,0,1,0,1,0,1,0,0,0,0,1,0,0,0,0,1
1,1503,Male,0,1,42,4,Electronics,1503,2,1,2,2,0,0,0,0,0,1,0,1,0,0,0,0,1,0,0,0,1,0
-1,2302,Male,0,0,31,36,Electronics,2302,4,4,1,1,0,0,0,0,0,1,0,0,0,0,0,0,0,1,0,0,0,1
1,662,Male,0,1,41,6,NewCar,662,3,4,1,2,1,0,0,0,0,1,0,0,0,0,0,0,1,0,0,1,0,0
1,2273,Male,0,1,32,36,Education,2273,3,1,2,2,0,1,0,0,0,1,0,0,0,0,0,0,1,0,0,0,1,1
-1,2631,Female,0,0,28,15,NewCar,2631,2,4,2,1,1,1,0,1,0,1,0,0,0,0,0,0,0,1,0,0,0,1
1,1503,Male,0,0,41,12,UsedCar,1503,4,4,1,1,0,0,0,0,0,0,0,0,0,0,0,0,0,1,0,0,0,1
1,1311,Male,0,0,26,24,Electronics,1311,4,3,1,1,1,0,0,1,0,1,0,0,0,0,0,0,1,0,0,0,1,1
1,3105,Male,0,1,25,24,Electronics,3105,4,2,2,1,0,0,0,0,0,1,0,0,0,0,0,0,1,0,0,1,0,1
-1,2319,Male,0,0,33,21,Education,2319,2,1,1,1,0,1,1,0,0,1,0,1,0,0,0,0,0,1,0,1,0,1
1,1374,Female,0,0,75,6,NewCar,1374,4,3,1,1,1,0,0,0,0,1,0,0,0,0,0,0,1,0,1,0,0,1
1,3612,Female,0,0,37,18,Furniture,3612,3,4,1,1,1,1,0,0,0,1,0,1,0,0,0,0,1,0,0,0,1,1
-1,7763,Male,0,1,42,48,NewCar,7763,4,4,1,1,0,0,0,0,0,1,0,0,1,0,0,0,0,0,0,0,1,1
1,3049,Female,0,0,45,18,Furniture,3049,1,1,1,1,0,1,1,0,0,1,0,0,0,0,0,0,1,0,0,1,0,0
-1,1534,Male,0,0,23,12,Electronics,1534,1,1,1,1,0,1,0,0,0,1,0,0,0,0,0,0,0,1,0,1,0,1
1,2032,Male,0,1,60,24,NewCar,2032,4,4,2,1,1,0,0,0,0,0,0,0,0,0,0,0,0,0,0,0,1,1
-1,6350,Male,0,1,31,30,Furniture,6350,4,4,1,1,0,0,0,0,0,1,0,0,0,0,0,0,1,0,0,0,1,1
-1,2864,Male,0,1,34,18,Furniture,2864,2,1,1,2,0,1,1,0,0,1,0,0,0,0,0,0,1,0,0,0,0,0
1,1255,Male,0,1,61,12,NewCar,1255,4,4,2,1,0,0,0,0,0,1,0,1,0,0,0,0,1,0,0,0,1,0
-1,1333,Male,0,1,43,24,NewCar,1333,4,2,2,2,0,0,0,0,0,0,0,0,0,0,0,0,0,0,1,0,0,1
1,2022,Female,0,0,37,24,NewCar,2022,4,4,1,1,1,0,0,0,0,1,0,1,0,0,0,0,1,0,0,0,0,1
1,1552,Male,0,1,32,24,Electronics,1552,3,1,1,2,0,0,0,0,0,1,0,0,1,0,0,0,1,0,0,0,1,1
-1,626,Female,0,0,24,12,Electronics,626,4,4,1,1,0,0,0,0,0,1,1,0,1,0,0,0,1,0,0,0,0,0
1,8858,Male,0,1,35,48,UsedCar,8858,2,1,2,1,1,0,0,0,0,1,0,1,0,0,0,0,0,0,0,0,1,1
1,996,Female,0,0,23,12,Repairs,996,4,4,2,1,0,0,0,0,0,1,0,1,0,0,0,0,1,0,0,0,1,1
1,1750,Male,0,1,45,6,Electronics,1750,2,4,1,2,0,0,0,1,1,1,1,0,1,0,0,0,1,0,0,0,1,0
-1,6999,Male,0,0,34,48,Electronics,6999,1,1,2,1,1,0,0,0,0,1,0,0,0,0,0,1,1,0,0,0,1,1
1,1995,Male,0,1,27,12,NewCar,1995,4,1,1,1,0,1,0,1,0,1,0,1,0,0,0,0,1,0,0,1,0,1
1,1199,Female,0,0,67,9,Education,1199,4,4,2,1,1,1,0,0,0,1,0,0,0,0,0,0,1,0,0,0,1,1
-1,1331,Male,0,1,22,12,Electronics,1331,2,1,1,1,0,1,0,0,0,1,0,0,0,0,0,0,1,0,0,1,0,1
-1,2278,Female,0,0,28,18,NewCar,2278,3,3,2,1,0,1,0,1,0,1,0,0,0,0,0,0,1,0,0,1,0,1
-1,5003,Female,0,0,29,21,NewCar,5003,1,4,2,1,1,0,0,0,0,1,0,0,1,0,0,0,1,0,0,0,0,1
-1,3552,Male,0,1,27,24,Furniture,3552,3,4,1,1,0,0,0,0,0,1,1,0,1,0,0,0,1,0,0,0,1,1
-1,1928,Male,0,1,31,18,Furniture,1928,2,2,2,1,0,1,0,0,0,1,0,1,0,0,0,0,1,0,0,1,0,0
1,2964,Male,0,1,49,24,UsedCar,2964,4,4,1,2,1,0,0,0,0,1,0,0,1,0,0,0,0,0,0,0,1,1
-1,1546,Male,0,1,24,24,Electronics,1546,4,4,1,1,0,0,0,0,0,1,1,0,1,0,0,1,0,1,0,0,1,0
1,683,Female,0,0,29,6,Electronics,683,2,1,1,1,0,1,1,0,0,0,0,0,1,0,0,0,1,0,0,1,0,1
-1,12389,Male,0,1,37,36,NewCar,12389,1,4,1,1,1,1,0,0,0,1,0,0,0,0,0,0,0,0,0,0,0,1
1,4712,Male,0,1,37,24,Business,4712,4,2,2,1,1,1,0,0,0,0,0,0,1,0,0,0,1,0,0,0,0,1
1,1553,Female,0,0,23,24,Electronics,1553,3,2,2,1,1,1,0,1,0,0,0,0,0,0,0,0,0,1,0,0,1,1
-1,1372,Male,0,0,36,12,NewCar,1372,2,3,1,1,0,0,0,0,0,1,0,0,0,0,0,0,1,0,0,0,1,1
1,2578,Male,0,1,34,24,Electronics,2578,2,2,1,1,0,0,0,1,1,1,0,1,0,0,0,0,1,0,0,0,1,1
1,3979,Male,0,1,41,48,Electronics,3979,4,1,2,2,1,1,0,0,0,1,0,0,0,0,0,0,1,0,0,0,1,1
-1,6758,Female,0,0,31,48,Electronics,6758,3,2,1,1,1,0,0,0,0,1,0,0,0,0,0,0,1,0,0,0,0,1
-1,3234,Female,0,0,23,24,Furniture,3234,4,4,1,1,1,0,0,0,0,1,0,0,0,0,0,0,0,1,0,1,0,0
1,5954,Male,0,1,38,30,Electronics,5954,3,2,1,1,0,0,0,0,0,1,0,1,0,0,1,0,1,0,0,0,1,1
1,5433,Female,0,0,26,24,UsedCar,5433,2,4,1,1,1,0,0,0,0,1,0,0,0,0,0,0,0,1,1,0,0,1
1,806,Female,0,0,22,15,Business,806,4,4,1,1,0,0,0,0,0,1,0,0,0,0,0,0,1,0,0,0,0,0
1,1082,Male,0,1,27,9,Electronics,1082,4,4,2,1,0,1,0,0,0,1,0,0,0,0,0,0,1,0,0,0,1,0
1,2788,Female,0,0,24,15,Furniture,2788,2,3,2,1,0,0,0,0,0,1,0,1,1,0,1,0,1,0,0,0,1,1
1,2930,Female,0,0,27,12,Electronics,2930,2,1,1,1,0,1,0,0,0,1,0,0,0,0,0,0,1,0,0,0,1,1
1,1927,Female,0,0,33,24,Education,1927,3,2,2,1,1,0,0,0,0,1,0,1,0,0,0,0,1,0,0,0,0,1
-1,2820,Male,0,0,27,36,NewCar,2820,4,4,2,1,0,1,0,0,0,1,0,1,0,0,0,0,1,0,0,1,0,1
1,937,Male,0,0,27,24,Retraining,937,4,3,2,1,0,0,0,0,0,1,0,0,0,0,0,0,1,0,0,1,0,0
-1,1056,Male,0,1,30,18,NewCar,1056,3,3,2,1,0,1,0,0,0,1,0,1,1,0,0,1,1,0,0,0,1,1
1,3124,Male,0,1,49,12,NewCar,3124,1,3,2,2,0,1,0,0,0,1,0,1,1,0,0,0,1,0,0,1,0,0
1,1388,Female,0,0,26,9,Furniture,1388,4,2,1,1,0,0,0,0,0,1,0,0,0,0,0,0,0,1,0,0,0,1
-1,2384,Male,0,1,33,36,Repairs,2384,4,1,1,1,0,1,0,0,0,1,0,0,0,0,0,0,0,1,0,1,0,0
1,2133,Female,0,0,52,12,NewCar,2133,4,4,1,1,1,0,0,0,0,1,0,0,0,0,0,0,0,0,0,0,1,1
-1,2039,Female,0,0,20,18,Furniture,2039,1,4,1,1,0,0,0,0,0,1,0,0,1,0,0,0,0,1,0,0,0,1
1,2799,Male,0,1,36,9,NewCar,2799,2,2,2,2,0,0,0,0,0,1,0,1,0,0,0,0,0,1,0,0,0,1
1,1289,Male,0,1,21,12,Furniture,1289,4,1,1,1,0,0,0,0,0,1,0,0,0,0,0,1,1,0,0,0,0,0
-1,1217,Male,0,0,47,18,HomeAppliances,1217,4,3,1,1,1,0,0,0,0,1,0,0,0,0,0,0,1,0,0,0,0,0
-1,2246,Male,0,1,60,12,Furniture,2246,3,3,2,1,0,0,0,0,0,1,0,1,0,0,0,0,1,0,0,0,1,1
1,385,Female,0,0,58,12,Electronics,385,4,3,4,1,1,0,0,0,0,1,0,1,0,0,0,0,1,0,0,0,1,0
1,1965,Female,0,0,42,24,NewCar,1965,4,4,2,1,1,1,0,0,0,0,0,0,0,0,0,0,0,1,0,0,0,1
1,1572,Female,0,0,36,21,Business,1572,4,4,1,1,0,0,0,1,1,1,0,0,1,0,0,0,1,0,0,0,1,0
-1,2718,Female,0,0,20,24,NewCar,2718,3,4,1,1,1,1,0,0,0,1,0,0,0,0,0,0,0,1,0,0,0,0
-1,1358,Male,0,1,40,24,Other,1358,4,3,1,1,1,0,0,0,0,1,1,0,0,0,0,0,1,0,0,0,1,1
-1,931,Female,0,0,32,6,NewCar,931,1,1,1,1,0,1,0,1,0,1,1,0,0,0,0,0,1,0,0,1,0,0
-1,1442,Female,0,0,23,24,NewCar,1442,4,4,2,1,0,0,0,0,0,1,0,0,0,0,0,0,0,1,0,0,1,1
-1,4241,Male,0,1,36,24,Business,4241,1,4,3,1,1,1,0,0,0,1,0,0,0,0,0,0,1,0,0,0,0,0
-1,2775,Male,0,1,31,18,NewCar,2775,2,2,2,1,0,0,0,0,0,1,0,1,1,0,0,0,1,0,0,0,1,1
1,3863,Male,0,1,32,24,Business,3863,1,2,1,1,0,0,0,0,0,0,0,0,0,0,0,0,0,0,0,0,0,1
1,2329,Female,0,0,45,7,Electronics,2329,1,1,1,1,0,1,0,0,0,1,0,0,0,0,0,1,1,0,0,1,0,1
-1,918,Female,0,0,30,9,Furniture,918,4,1,1,1,0,1,0,0,0,1,0,0,0,0,0,0,1,0,0,0,0,1
-1,1837,Female,0,0,34,24,Education,1837,4,4,1,1,0,1,0,0,0,1,1,0,1,0,0,0,0,0,0,0,1,0
-1,3349,Female,0,0,28,36,Furniture,3349,4,2,1,1,1,0,0,0,0,1,0,0,0,0,0,0,1,0,0,0,0,1
1,1275,Female,0,0,23,10,Furniture,1275,4,2,1,1,0,1,1,0,0,1,0,0,0,0,0,0,1,0,0,1,0,1
1,2828,Male,0,1,22,24,Furniture,2828,4,4,1,1,1,0,0,1,1,1,1,0,0,0,0,0,1,0,0,0,0,1
1,4526,Male,0,1,74,24,Business,4526,3,2,1,1,1,0,0,0,0,1,0,1,0,0,0,0,1,0,0,0,0,1
-1,2671,Female,0,0,50,36,Electronics,2671,4,4,1,1,0,1,0,1,0,1,0,0,0,0,1,0,0,0,0,0,0,1
1,2051,Male,0,1,33,18,Electronics,2051,4,1,1,1,0,0,0,0,0,1,0,0,0,0,0,0,1,0,0,1,0,1
1,1300,Male,0,1,45,15,UsedCar,1300,4,4,1,2,0,0,0,0,0,1,0,0,1,0,0,0,0,0,0,0,1,1
-1,741,Female,0,0,22,12,HomeAppliances,741,4,3,1,1,0,0,0,1,0,1,0,0,0,0,0,0,1,0,1,0,0,1
-1,1240,Female,0,0,48,10,NewCar,1240,1,4,1,2,0,1,1,1,0,1,0,0,0,0,0,0,0,0,0,0,1,0
1,3357,Female,0,0,29,21,Electronics,3357,4,2,1,1,0,0,0,1,1,1,0,0,1,0,0,0,1,0,0,1,0,1
1,3632,Female,1,0,22,24,UsedCar,3632,1,4,1,1,0,0,0,0,0,1,1,0,1,0,0,1,0,1,0,0,0,1
-1,1808,Female,0,0,22,18,Furniture,1808,4,1,1,1,0,0,0,0,0,0,0,0,0,0,0,0,1,0,0,0,1,1
1,12204,Male,0,1,48,48,Business,12204,2,2,1,1,1,1,0,0,0,1,0,0,1,0,0,0,1,0,0,0,0,1
1,9157,Male,0,1,27,60,Electronics,9157,2,2,1,1,0,1,0,0,0,0,0,0,0,0,0,0,0,0,0,0,0,1
1,3676,Male,0,1,37,6,NewCar,3676,1,3,3,2,0,0,0,0,0,1,0,1,0,0,0,0,0,1,0,0,0,1
-1,3441,Female,0,0,21,30,Furniture,3441,2,4,1,1,0,1,0,1,0,1,0,0,0,0,1,0,0,1,0,0,0,1
1,640,Male,0,0,49,12,NewCar,640,4,2,1,1,0,0,0,0,0,1,0,0,0,0,0,0,1,0,0,0,0,0
1,3652,Male,0,1,27,21,Business,3652,2,3,2,1,0,1,0,0,0,1,0,1,0,0,0,0,1,0,0,0,1,1
-1,1530,Male,0,1,32,18,NewCar,1530,3,2,2,1,0,0,0,0,0,1,0,1,1,0,0,0,1,0,0,0,0,1
-1,3914,Male,0,0,38,48,Business,3914,4,2,1,1,0,0,0,0,0,1,0,0,1,0,0,0,1,0,0,0,0,1
1,1858,Female,0,0,22,12,Furniture,1858,4,1,1,1,0,0,0,0,0,1,0,0,0,0,0,0,0,1,0,1,0,1
-1,2600,Male,0,1,65,18,Electronics,2600,4,4,2,1,0,0,0,0,0,1,0,0,0,0,0,0,0,0,0,0,0,1
1,1979,Male,0,1,35,15,Electronics,1979,4,2,1,1,0,0,0,0,0,1,0,0,0,0,0,0,1,0,0,0,1,1
1,2116,Male,0,1,41,6,Furniture,2116,2,2,1,1,1,1,1,0,0,1,0,0,0,0,0,0,1,0,0,0,0,1
-1,1437,Male,0,1,29,9,NewCar,1437,2,3,1,1,0,1,0,1,0,1,1,0,0,0,0,0,1,0,0,0,1,1
1,4042,Male,0,1,36,42,Furniture,4042,4,4,2,1,1,0,0,1,1,1,0,1,0,0,0,0,1,0,0,0,0,1
1,3832,Male,0,1,64,9,Education,3832,1,4,1,1,0,0,0,0,0,1,0,0,0,0,0,0,1,0,0,0,1,0
1,3660,Female,0,0,28,24,Electronics,3660,2,4,1,1,0,0,0,0,0,1,0,0,0,0,0,0,1,0,0,0,0,1
-1,1553,Male,0,1,44,18,Furniture,1553,4,3,1,1,0,0,0,0,0,1,1,0,1,0,0,0,1,0,0,0,0,1
1,1444,Male,0,1,23,15,Electronics,1444,4,1,1,1,0,1,0,0,0,1,0,0,0,0,0,0,1,0,0,1,0,1
-1,1980,Female,0,0,19,9,Furniture,1980,2,2,2,1,0,0,0,0,0,1,0,0,0,0,1,0,0,1,0,1,0,1
-1,1355,Female,0,0,25,24,NewCar,1355,3,4,1,1,1,1,0,0,0,1,0,0,0,0,0,0,1,0,0,1,0,0
1,1393,Male,0,1,47,12,Education,1393,4,4,3,2,1,0,0,0,0,1,0,0,1,0,0,0,1,0,0,0,1,1
1,1376,Female,0,0,28,24,Electronics,1376,4,1,1,1,0,0,0,1,1,1,0,0,0,0,0,0,1,0,0,0,1,1
1,15653,Male,0,1,21,60,Electronics,15653,2,4,2,1,1,0,0,0,0,0,0,0,0,0,0,0,1,0,0,0,1,1
1,1493,Female,0,0,34,12,Electronics,1493,4,3,1,2,0,0,0,0,0,1,0,0,0,0,0,0,1,0,0,1,0,1
-1,4370,Male,0,1,26,42,Electronics,4370,3,2,2,2,1,0,0,0,0,0,0,0,1,0,0,0,1,0,0,0,1,1
-1,750,Female,0,0,27,18,Education,750,4,1,1,1,0,0,0,0,0,1,0,0,0,0,0,0,1,0,1,0,0,0
1,1308,Male,0,1,38,15,Repairs,1308,4,4,2,1,0,1,0,0,0,1,0,0,0,0,0,0,1,0,0,0,1,0
-1,4623,Male,0,1,40,15,Education,4623,3,2,1,1,1,0,0,1,0,1,0,0,0,0,0,0,1,0,0,0,0,1
1,1851,Male,0,0,33,24,Electronics,1851,4,2,2,1,1,0,0,0,0,1,0,1,0,0,0,1,1,0,0,0,1,1
1,1880,Male,0,0,32,18,Electronics,1880,4,1,2,1,1,0,0,0,0,1,0,1,0,0,0,0,1,0,0,0,1,1
-1,7980,Male,0,1,27,36,Business,7980,4,4,2,1,1,0,0,0,0,0,0,0,0,0,0,0,0,1,0,1,0,1
1,4583,Male,0,0,32,30,Furniture,4583,2,2,2,1,0,0,0,0,0,1,0,0,0,0,0,1,1,0,0,0,0,1
-1,1386,Female,0,0,26,12,NewCar,1386,2,2,1,1,0,0,0,1,1,1,0,0,0,0,0,0,1,0,0,0,0,1
-1,947,Male,0,1,38,24,NewCar,947,4,3,1,2,0,1,1,0,0,1,0,0,1,0,0,0,0,0,0,0,1,1
-1,684,Male,0,1,40,12,Education,684,4,4,1,2,0,0,0,0,0,1,0,0,0,0,0,0,0,1,0,0,0,0
1,7476,Male,0,1,50,48,Education,7476,4,1,1,1,1,0,0,0,0,1,0,0,0,0,0,0,0,0,0,0,1,1
-1,1922,Male,0,1,37,12,Furniture,1922,4,2,1,1,0,1,0,0,0,1,0,0,0,0,0,0,1,0,0,0,0,0
-1,2303,Male,0,1,45,24,NewCar,2303,4,1,1,1,0,0,0,0,0,1,0,0,0,0,1,0,1,0,0,0,1,1
-1,8086,Male,0,1,42,36,NewCar,8086,2,4,4,1,1,1,0,1,0,0,0,0,0,0,0,0,1,0,0,0,1,1
1,2346,Male,0,1,35,24,UsedCar,2346,4,3,2,1,1,0,0,0,0,1,0,1,0,0,0,0,1,0,0,0,1,1
1,3973,Male,0,1,22,14,NewCar,3973,1,4,1,1,0,0,0,0,0,1,0,0,0,0,0,0,0,0,1,0,0,1
-1,888,Male,0,1,41,12,NewCar,888,4,4,1,2,0,1,0,0,0,1,0,0,1,0,0,0,1,0,0,0,1,0
1,10222,Male,0,1,37,48,Electronics,10222,4,3,1,1,1,0,0,0,0,1,0,0,0,0,0,0,1,0,0,0,1,1
1,4221,Female,0,0,28,30,Business,4221,2,1,2,1,0,1,0,0,0,1,0,0,0,0,0,0,1,0,0,0,0,1
1,6361,Male,0,1,41,18,Furniture,6361,2,1,1,1,1,1,0,0,0,1,0,1,0,0,0,0,1,0,0,0,1,1
1,1297,Male,0,0,23,12,Electronics,1297,3,4,1,1,0,1,1,0,0,1,0,0,0,0,0,0,0,1,0,0,0,1
-1,900,Male,0,0,23,12,NewCar,900,4,2,1,1,0,0,0,0,0,1,0,0,0,0,0,0,1,0,0,0,0,1
1,2241,Male,0,1,50,21,Furniture,2241,4,2,2,1,0,0,0,0,0,1,0,0,0,0,0,0,1,0,0,0,1,1
1,1050,Male,0,1,35,6,Furniture,1050,4,1,2,1,1,1,0,0,0,0,0,0,0,0,0,0,1,0,1,0,0,1
1,1047,Female,0,0,50,6,Education,1047,2,4,1,1,0,1,1,0,0,1,0,1,0,0,0,0,1,0,0,0,0,0
1,6314,Male,0,1,27,24,Other,6314,4,2,2,1,1,0,0,0,0,1,0,1,1,0,1,0,1,0,1,0,0,1
1,3496,Male,0,1,34,30,Furniture,3496,4,2,1,2,1,1,0,1,1,1,1,0,0,0,0,0,1,0,0,0,0,1
1,3609,Female,0,0,27,48,Business,3609,1,1,1,1,0,0,0,0,0,1,1,0,0,0,0,0,1,0,0,0,0,1
-1,4843,Male,0,1,43,12,NewCar,4843,3,4,2,1,1,0,0,0,0,1,0,1,0,0,1,0,0,1,0,0,1,1
1,3017,Male,0,1,47,30,Electronics,3017,4,4,1,1,0,1,1,0,0,1,0,1,0,0,0,0,1,0,0,0,1,1
1,4139,Male,0,1,27,24,Business,4139,3,3,2,1,1,0,0,1,0,1,0,1,0,0,0,0,1,0,0,0,0,0
1,5742,Male,0,1,31,36,Business,5742,2,2,2,1,1,0,0,1,0,1,0,0,0,0,0,0,1,0,0,0,1,1
1,10366,Male,0,1,42,60,NewCar,10366,2,4,1,1,1,0,0,0,0,1,0,0,0,0,0,0,1,0,0,0,1,1
1,2080,Male,0,0,24,6,NewCar,2080,1,2,1,1,0,0,0,1,1,1,0,1,0,0,0,0,1,0,0,0,0,1
-1,2580,Male,0,1,41,21,Business,2580,4,2,1,2,0,0,0,1,1,0,0,0,1,0,0,0,1,0,0,1,0,0
1,4530,Female,0,0,26,30,Electronics,4530,4,4,1,1,1,0,0,0,0,1,0,1,0,0,0,0,0,1,0,0,1,1
1,5150,Male,0,1,33,24,Furniture,5150,4,4,1,1,1,0,0,0,0,1,0,1,0,0,0,0,1,0,0,0,1,1
-1,5595,Male,0,0,24,72,Electronics,5595,2,2,1,1,0,1,0,1,0,1,0,0,0,0,0,0,1,0,0,0,0,1
1,2384,Male,0,1,64,24,Electronics,2384,4,4,1,1,0,0,0,0,0,1,0,0,1,0,0,0,0,1,0,0,1,0
1,1453,Female,0,0,26,18,Electronics,1453,3,1,1,1,0,0,0,0,0,1,0,0,0,0,0,0,1,0,0,1,0,1
1,1538,Female,0,0,56,6,Education,1538,1,2,1,1,0,0,0,0,0,1,0,0,0,0,0,0,1,0,0,1,0,1
1,2279,Male,0,1,37,12,Electronics,2279,4,4,1,1,1,0,0,0,0,1,0,0,0,0,0,0,0,0,0,0,0,1
1,1478,Male,0,0,33,15,Electronics,1478,4,3,2,1,0,0,0,0,0,0,0,0,1,0,0,0,1,0,0,0,0,1
1,5103,Male,0,0,47,24,Electronics,5103,3,3,3,1,1,0,0,0,0,1,0,1,0,0,0,0,0,0,0,1,0,1
1,9857,Male,0,1,31,36,Business,9857,1,3,2,2,1,1,0,1,0,0,0,0,0,0,0,0,1,0,0,0,1,0
1,6527,Male,0,1,34,60,NewCar,6527,4,4,1,2,1,0,0,0,0,1,0,0,0,0,0,0,0,0,0,0,0,1
1,1347,Male,0,1,27,10,Electronics,1347,4,2,2,1,1,1,1,0,0,1,0,1,0,0,0,0,1,0,0,0,1,1
1,2862,Male,0,1,30,36,NewCar,2862,4,3,1,1,0,1,0,1,0,0,0,0,0,0,0,0,0,0,0,0,1,1
1,2753,Male,0,1,35,9,Electronics,2753,3,4,1,1,1,0,0,1,0,1,0,0,0,0,1,0,1,0,0,0,1,1
1,3651,Male,0,1,31,12,NewCar,3651,1,3,1,2,0,0,0,1,1,1,0,0,0,0,0,0,1,0,0,0,0,1
1,975,Male,0,0,25,15,Furniture,975,2,3,2,1,0,0,0,0,0,1,0,1,0,0,0,0,1,0,0,0,0,1
1,2631,Female,0,0,25,15,Repairs,2631,3,2,1,1,0,1,0,1,0,1,0,0,0,0,0,0,1,0,0,0,0,0
1,2896,Male,0,1,29,24,Electronics,2896,2,1,1,1,0,1,0,1,0,1,0,0,0,0,0,0,1,0,0,1,0,1
1,4716,Male,0,1,44,6,NewCar,4716,1,3,2,2,0,0,0,0,0,1,0,1,0,0,0,0,1,0,0,1,0,0
1,2284,Male,0,1,28,24,Electronics,2284,4,2,1,1,1,0,0,0,0,1,0,0,0,0,0,0,1,0,0,0,1,1
1,1236,Male,0,1,50,6,UsedCar,1236,2,4,1,1,0,0,0,1,1,1,0,0,0,0,0,0,0,1,0,0,0,1
1,1103,Male,1,1,29,12,Electronics,1103,4,3,2,1,0,1,0,0,0,1,0,0,0,0,0,1,1,0,0,0,1,1
1,926,Female,0,0,38,12,NewCar,926,1,2,1,1,0,0,0,0,0,1,0,1,0,0,0,0,1,0,1,0,0,0
1,1800,Male,0,1,24,18,Electronics,1800,4,2,2,1,0,0,0,0,0,1,0,1,0,0,0,0,1,0,0,0,0,1
1,1905,Male,0,1,40,15,Education,1905,4,4,1,1,1,1,1,0,0,1,0,0,0,0,0,0,0,1,0,0,1,1
-1,1123,Female,0,0,29,12,Furniture,1123,4,4,1,1,0,0,0,1,1,1,0,0,0,0,0,0,0,1,0,0,0,0
-1,6331,Male,0,1,46,48,UsedCar,6331,4,4,2,1,1,0,0,0,0,1,0,1,0,0,0,0,0,0,0,0,1,1
1,1377,Female,0,0,47,24,Electronics,1377,4,2,1,1,1,1,1,1,0,1,0,0,0,0,0,0,0,0,0,0,1,1
1,2503,Male,0,1,41,30,Business,2503,4,2,2,1,0,1,0,1,0,0,0,0,0,0,0,0,1,0,0,0,1,1
1,2528,Female,0,0,32,27,Business,2528,4,1,1,2,1,1,0,0,0,1,0,0,0,0,0,0,1,0,0,1,0,1
1,5324,Female,0,0,35,15,NewCar,5324,1,4,1,1,0,0,0,1,1,1,0,0,0,0,0,0,0,0,0,0,1,1
-1,6560,Male,0,1,24,48,NewCar,6560,3,2,1,1,0,1,0,1,0,1,0,0,0,0,0,0,1,0,0,0,1,1
-1,2969,Female,0,0,25,12,Furniture,2969,4,3,2,1,0,1,0,0,0,1,0,0,0,0,0,0,0,1,0,1,0,1
1,1206,Female,0,0,25,9,Electronics,1206,4,4,1,1,0,1,0,0,0,1,0,0,0,0,0,0,1,0,0,0,1,1
1,2118,Male,0,1,37,9,Electronics,2118,2,2,1,2,0,1,0,0,0,1,0,0,0,0,0,0,1,0,0,0,0,0
1,629,Male,0,1,32,18,Electronics,629,4,3,2,1,1,0,0,1,1,1,0,1,1,0,0,0,1,0,0,0,1,1
-1,1198,Female,0,0,35,6,Education,1198,4,4,1,1,0,0,0,0,0,1,1,0,0,0,0,0,0,0,0,0,1,1
1,2476,Male,0,1,46,21,UsedCar,2476,4,4,1,1,1,0,0,0,0,1,0,0,0,0,0,0,1,0,0,0,1,1
1,1138,Male,0,1,25,9,Electronics,1138,4,4,2,1,0,0,0,0,0,1,0,1,0,0,0,0,1,0,0,0,0,0
-1,14027,Male,0,1,27,60,NewCar,14027,4,2,1,1,1,1,0,0,0,1,0,0,0,0,0,0,1,0,0,0,1,1
1,7596,Male,0,1,63,30,UsedCar,7596,1,4,2,1,0,0,0,0,0,1,0,1,0,0,0,0,1,0,0,0,1,1
1,3077,Male,0,1,40,30,Electronics,3077,3,2,2,2,1,0,0,0,0,1,0,1,0,0,0,0,1,0,0,0,1,1
1,1505,Male,0,1,32,18,Electronics,1505,4,2,1,1,1,0,0,0,0,1,0,0,0,0,0,0,0,0,0,0,0,1
1,3148,Male,0,1,31,24,Electronics,3148,3,2,2,1,1,1,1,0,0,1,0,1,0,0,0,0,1,0,0,0,0,1
1,6148,Male,0,0,31,20,UsedCar,6148,3,4,2,1,1,1,0,1,0,1,0,0,1,0,0,0,1,0,0,0,1,1
-1,1337,Male,0,1,34,9,Electronics,1337,4,2,2,1,1,1,1,0,0,1,0,0,0,0,0,0,1,0,0,1,0,1
-1,433,Female,0,0,24,6,Education,433,4,2,1,2,0,1,0,1,1,1,1,0,1,0,0,0,0,1,0,1,0,1
-1,1228,Female,0,0,24,12,NewCar,1228,4,2,1,1,0,0,0,0,0,1,0,0,0,0,0,0,1,0,0,0,0,0
1,790,Female,0,0,66,9,Electronics,790,4,3,1,1,0,1,0,1,1,1,0,0,0,0,0,0,1,0,0,0,0,0
-1,2570,Female,0,0,21,27,NewCar,2570,3,3,1,1,0,0,0,0,0,1,0,0,0,0,0,0,0,1,0,0,0,1
1,250,Female,0,0,41,6,NewCar,250,2,2,2,1,0,0,0,1,1,1,0,1,1,0,0,0,1,0,0,0,0,0
1,1316,Male,0,0,47,15,Electronics,1316,2,2,2,1,0,0,0,1,1,1,0,1,0,0,0,0,1,0,0,0,0,0
-1,1882,Female,0,0,25,18,Electronics,1882,4,4,2,1,0,0,0,0,0,1,0,0,1,0,0,0,0,1,0,0,0,1
-1,6416,Female,0,0,59,48,Business,6416,4,3,1,1,0,1,0,0,0,1,1,0,0,0,0,0,0,1,0,0,1,1
1,1275,Male,0,0,36,24,Business,1275,2,4,2,1,1,1,1,1,1,1,0,1,0,0,0,0,1,0,0,0,0,1
1,6403,Male,0,1,33,24,Electronics,6403,1,2,1,1,0,1,0,0,0,0,0,0,0,0,0,0,1,0,0,1,0,1
-1,1987,Male,0,1,21,24,Electronics,1987,2,4,1,2,0,0,0,0,0,1,0,0,0,0,0,0,0,1,0,0,0,0
1,760,Female,0,0,44,8,Electronics,760,4,2,1,1,0,1,0,0,0,1,0,0,0,0,0,1,1,0,0,0,1,0
1,2603,Female,0,0,28,24,UsedCar,2603,2,4,1,1,1,0,0,1,1,1,0,0,0,0,0,0,0,1,0,0,0,1
1,3380,Female,0,0,37,4,NewCar,3380,1,1,1,2,0,0,0,0,0,1,0,1,0,0,0,0,1,0,0,0,1,1
1,3990,Female,0,0,29,36,HomeAppliances,3990,3,2,1,1,0,1,0,0,0,1,1,0,1,0,0,0,1,0,0,1,0,0
-1,11560,Female,0,0,23,24,UsedCar,11560,1,4,2,1,0,1,0,0,0,1,0,0,0,0,0,0,0,1,0,0,0,1
1,4380,Male,0,1,35,18,NewCar,4380,3,4,1,2,1,0,0,1,0,1,0,0,0,0,0,0,1,0,0,0,0,0
1,6761,Male,0,1,45,6,NewCar,6761,1,3,2,2,1,0,0,0,0,1,0,1,0,0,0,0,1,0,0,0,1,1
-1,4280,Female,0,0,26,30,Business,4280,4,4,2,1,0,1,0,1,0,1,0,0,0,0,0,0,0,1,0,0,0,0
1,2325,Male,0,1,32,24,NewCar,2325,2,3,1,1,0,0,0,1,0,1,1,0,1,0,0,0,1,0,0,0,1,1
1,1048,Male,0,1,23,10,Electronics,1048,4,4,1,1,0,1,0,0,0,1,1,0,0,0,0,0,1,0,0,0,0,0
1,3160,Male,0,1,41,21,Electronics,3160,4,3,1,1,1,0,0,0,0,1,0,0,0,0,0,0,1,0,0,0,1,1
1,2483,Male,0,1,22,24,Furniture,2483,4,4,1,1,1,0,0,1,1,1,1,0,0,0,0,0,1,0,0,0,0,1
1,14179,Male,0,1,30,39,Furniture,14179,4,4,2,1,1,0,0,0,0,1,0,1,0,0,0,0,1,0,0,0,1,1
1,1797,Male,0,1,28,13,Business,1797,3,1,2,1,0,0,0,0,0,1,0,1,1,0,0,0,1,0,0,1,0,0
1,2511,Female,0,0,23,15,NewCar,2511,1,4,1,1,0,0,0,0,0,1,0,0,0,0,0,0,0,1,1,0,0,1
-1,1274,Female,0,0,37,12,NewCar,1274,3,1,1,1,0,0,0,0,0,1,0,0,0,0,0,0,1,0,0,1,0,0
1,5248,Male,0,1,26,21,UsedCar,5248,1,3,1,1,0,0,0,0,0,1,0,0,0,0,0,0,1,0,0,0,0,1
1,3029,Male,0,1,33,15,UsedCar,3029,2,2,1,1,0,0,0,0,0,1,0,0,0,0,0,0,1,0,0,0,1,1
1,428,Female,0,0,49,6,Furniture,428,2,1,1,1,1,0,0,0,0,1,0,0,1,0,0,0,1,0,0,0,1,1
-1,976,Female,0,0,23,18,NewCar,976,1,2,1,1,0,0,0,0,0,1,0,0,0,0,0,0,1,0,0,1,0,0
1,841,Female,0,0,23,12,Business,841,2,4,1,1,0,1,0,1,0,1,0,0,0,0,0,0,0,1,0,0,1,0
1,5771,Female,0,0,25,30,Electronics,5771,4,2,2,1,0,0,0,0,0,1,0,1,0,0,0,0,1,0,0,0,1,1
-1,1555,Male,0,1,55,12,Repairs,1555,4,4,2,2,0,0,0,1,1,0,0,0,0,0,0,0,0,0,0,0,1,1
-1,1285,Female,0,0,32,24,NewCar,1285,4,4,1,1,0,0,0,0,0,1,0,0,0,0,0,0,0,1,0,0,1,1
1,1299,Male,1,1,74,6,NewCar,1299,1,1,3,2,0,1,1,0,0,1,0,1,0,0,0,0,1,0,0,0,0,0
-1,1271,Male,0,1,39,15,Electronics,1271,3,4,2,1,1,1,1,0,0,1,0,1,0,0,0,0,0,0,0,0,0,1
1,1393,Male,0,1,31,24,NewCar,1393,2,2,1,1,1,0,0,0,0,1,0,0,0,0,0,1,1,0,0,0,0,1
-1,691,Male,0,1,35,12,NewCar,691,4,3,2,1,0,0,0,0,0,1,0,1,0,0,0,0,1,0,0,0,1,1
1,5045,Female,0,0,59,15,NewCar,5045,1,4,1,1,1,0,0,0,0,1,0,1,0,0,0,0,1,0,0,0,1,1
-1,2124,Female,0,0,24,18,Furniture,2124,4,4,2,1,0,0,0,0,0,1,0,1,0,0,0,0,0,1,0,0,0,1
1,2214,Male,0,1,24,12,Electronics,2214,4,3,1,1,0,0,0,0,0,1,0,0,0,0,0,0,1,0,0,0,0,0
-1,12680,Male,0,1,30,21,NewCar,12680,4,4,1,1,1,0,0,0,0,1,0,1,0,0,0,0,0,0,0,0,1,1
1,2463,Male,0,0,27,24,NewCar,2463,4,3,2,1,1,0,0,1,0,1,0,1,0,0,0,0,1,0,0,0,1,1
1,1155,Male,0,0,40,12,Electronics,1155,3,3,2,1,0,1,0,0,0,1,0,0,1,0,0,1,1,0,0,0,1,0
-1,3108,Male,0,0,31,30,Furniture,3108,2,4,1,1,0,0,0,0,0,1,0,0,0,0,0,0,1,0,0,1,0,0
1,2901,Female,0,0,31,10,UsedCar,2901,1,4,1,1,0,0,0,0,0,1,0,0,0,0,0,0,0,1,0,1,0,1
1,3617,Male,0,1,28,12,Furniture,3617,1,4,3,1,1,1,0,0,0,1,0,1,0,0,0,0,0,1,0,0,1,1
1,1655,Male,0,1,63,12,Electronics,1655,2,4,2,1,1,0,0,0,0,1,0,1,0,0,0,0,1,0,0,0,1,0
1,2812,Female,0,0,26,24,UsedCar,2812,2,4,1,1,0,0,0,0,0,1,0,0,0,0,0,0,0,1,0,0,1,1
-1,8065,Female,0,0,25,36,Education,8065,3,2,2,1,1,0,0,0,0,1,0,1,0,0,0,0,1,0,0,0,0,1
1,3275,Male,0,1,36,21,UsedCar,3275,1,4,1,1,1,0,0,0,0,1,0,1,0,0,0,0,1,0,0,0,1,1
1,2223,Male,0,1,52,24,Electronics,2223,4,4,2,1,0,0,0,1,0,1,0,1,1,0,0,0,1,0,0,0,1,1
1,1480,Male,0,1,66,12,NewCar,1480,2,4,3,1,0,1,1,1,1,1,0,1,1,0,0,0,0,0,1,0,0,0
-1,1371,Female,0,0,25,24,NewCar,1371,4,4,1,1,0,0,0,0,0,1,0,0,0,0,0,0,0,1,0,0,0,1
1,3535,Male,0,1,37,36,NewCar,3535,4,4,2,1,1,0,0,0,0,1,0,1,0,0,0,0,1,0,0,0,1,1
1,3509,Female,0,0,25,18,Electronics,3509,4,1,1,1,0,0,0,0,0,1,0,0,0,0,0,1,1,0,0,0,1,1
1,5711,Male,0,1,38,36,UsedCar,5711,4,2,2,1,1,0,0,1,1,1,0,1,0,0,0,0,1,0,0,0,1,1
1,3872,Female,0,0,67,18,Repairs,3872,2,4,1,1,1,1,0,0,0,1,0,0,0,0,0,0,1,0,1,0,0,1
-1,4933,Male,0,1,25,39,Electronics,4933,2,2,2,1,0,1,0,0,0,1,0,1,0,0,0,1,1,0,0,0,1,1
1,1940,Male,0,1,60,24,NewCar,1940,4,4,1,1,1,0,0,1,1,1,0,1,0,0,0,0,1,0,0,0,1,1
1,1410,Male,0,1,31,12,Retraining,1410,2,2,1,1,1,1,0,0,0,1,0,0,0,0,0,0,1,0,0,0,0,0
-1,836,Female,0,0,23,12,NewCar,836,4,2,1,1,0,1,0,1,0,1,0,0,1,0,0,0,1,0,0,1,0,0
1,6468,Male,0,0,60,20,UsedCar,6468,1,4,1,1,1,1,0,0,0,1,0,0,0,0,0,0,1,0,1,0,0,1
1,1941,Male,0,1,35,18,Business,1941,4,2,1,1,1,1,0,1,1,1,0,0,0,0,0,0,1,0,0,0,0,0
1,2675,Male,0,1,40,22,Electronics,2675,3,4,1,1,0,0,0,1,1,1,0,0,0,0,0,0,1,0,0,0,1,1
1,2751,Male,0,1,38,48,UsedCar,2751,4,3,2,2,1,0,0,0,0,1,0,1,0,0,0,0,1,0,0,0,1,1
-1,6224,Male,0,1,50,48,Education,6224,4,4,1,1,0,1,0,0,0,0,0,0,0,0,0,0,0,0,0,0,1,1
-1,5998,Male,0,1,27,40,Education,5998,4,3,1,1,1,0,0,0,0,1,0,1,1,0,0,0,1,0,0,0,0,1
-1,1188,Female,0,0,39,21,Business,1188,2,4,1,2,0,1,0,0,0,1,0,0,0,0,0,0,1,0,0,0,1,1
1,6313,Male,0,1,41,24,UsedCar,6313,3,4,1,2,1,0,0,0,0,1,0,0,0,0,0,0,1,0,0,0,1,1
1,1221,Male,0,0,27,6,Furniture,1221,1,2,2,1,0,0,0,0,0,1,0,1,0,0,0,0,1,0,0,0,0,1
1,2892,Male,0,0,51,24,Furniture,2892,3,4,1,1,0,1,1,0,0,1,0,0,0,0,0,0,0,0,0,0,1,1
1,3062,Male,0,1,32,24,Furniture,3062,4,3,1,1,1,0,0,1,1,1,0,0,0,0,0,0,0,1,0,0,1,1
1,2301,Female,0,0,22,9,Furniture,2301,2,4,1,1,0,0,0,1,0,1,0,0,0,0,0,0,0,1,0,1,0,1
-1,7511,Male,0,1,51,18,UsedCar,7511,1,4,1,2,1,0,0,0,0,1,0,0,0,0,0,0,0,0,0,0,1,1
1,1258,Female,0,0,22,12,Furniture,1258,2,4,2,1,0,0,0,0,0,1,0,1,0,0,0,0,0,1,0,1,0,0
1,717,Male,0,0,54,24,NewCar,717,4,4,2,1,1,0,0,0,0,0,0,0,0,0,0,0,1,0,0,0,1,1
1,1549,Male,0,1,35,9,NewCar,1549,4,2,1,1,0,1,0,0,0,1,0,0,0,0,0,0,1,0,0,1,0,0
1,1597,Male,0,1,54,24,Education,1597,4,4,2,2,0,0,0,0,0,1,0,1,0,0,0,0,0,0,0,0,1,1
1,1795,Female,0,0,48,18,Electronics,1795,3,4,2,1,1,1,0,0,0,1,0,1,1,0,0,1,0,1,0,0,1,0
1,4272,Female,0,0,24,20,Furniture,4272,1,4,2,1,0,0,0,0,0,1,0,1,0,0,0,0,1,0,0,0,1,1
1,976,Male,0,1,35,12,Electronics,976,4,4,2,1,0,0,0,0,0,1,0,1,0,0,0,0,1,0,0,0,1,1
1,7472,Female,0,0,24,12,NewCar,7472,1,2,1,1,0,1,0,0,0,1,0,0,0,0,0,0,0,1,1,0,0,0
-1,9271,Male,0,1,24,36,NewCar,9271,2,1,1,1,1,0,0,0,0,1,0,0,0,0,0,0,1,0,0,0,1,1
1,590,Male,1,0,26,6,Electronics,590,3,3,1,1,0,1,0,0,0,1,0,0,0,0,0,0,1,0,0,1,0,0
1,930,Male,0,1,65,12,Electronics,930,4,4,4,1,0,0,0,0,0,1,0,1,0,0,0,0,1,0,0,0,1,1
1,9283,Male,0,1,55,42,UsedCar,9283,1,2,1,1,1,1,0,0,0,1,1,0,1,0,0,0,0,0,1,0,0,1
-1,1778,Female,0,0,26,15,NewCar,1778,2,1,2,1,0,1,0,0,0,1,0,0,0,0,0,0,0,1,0,1,0,0
1,907,Male,0,0,26,8,Business,907,3,2,1,1,1,1,0,0,0,1,0,0,0,0,0,0,1,0,0,1,0,1
1,484,Male,0,0,28,6,Electronics,484,3,3,1,1,0,1,0,0,0,1,0,0,1,0,0,1,1,0,0,0,1,0
-1,9629,Male,0,1,24,36,UsedCar,9629,4,4,2,1,1,0,0,0,0,1,0,1,0,0,0,0,1,0,0,0,1,1
-1,3051,Male,0,1,54,48,HomeAppliances,3051,3,4,1,1,0,0,0,0,0,1,0,0,0,0,0,0,1,0,0,0,0,1
-1,3931,Male,0,1,46,48,NewCar,3931,4,4,1,2,0,0,0,0,0,1,0,0,0,0,0,0,0,0,0,0,1,1
1,7432,Female,0,0,54,36,NewCar,7432,2,2,1,1,0,1,0,0,0,0,0,0,0,0,0,0,0,1,0,0,0,1
1,1338,Male,0,0,62,6,HomeAppliances,1338,1,4,1,1,0,0,0,1,1,1,0,0,0,0,0,0,1,0,0,0,0,1
1,1554,Female,0,0,24,6,Electronics,1554,1,2,2,1,1,0,0,0,0,1,0,1,0,0,0,0,0,1,0,0,1,1
1,15857,Male,0,0,43,36,Other,15857,2,3,1,1,0,0,0,0,0,1,0,0,0,0,1,0,1,0,1,0,0,1
-1,1345,Male,0,0,26,18,Electronics,1345,4,3,1,1,0,0,0,0,0,1,0,0,1,0,0,0,1,0,0,0,0,1
1,1101,Male,0,0,27,12,NewCar,1101,3,2,2,1,1,0,0,0,0,1,0,0,0,0,0,0,1,0,0,0,0,1
1,3016,Male,0,0,24,12,Electronics,3016,3,1,1,1,0,1,1,0,0,1,0,0,0,0,0,0,1,0,0,0,0,1
-1,2712,Male,0,1,41,36,Furniture,2712,2,2,1,2,0,0,0,0,0,1,0,0,1,0,0,0,1,0,0,0,1,1
1,731,Male,0,1,47,8,NewCar,731,4,4,2,1,0,0,0,0,0,1,0,1,0,0,0,0,1,0,0,0,1,0
1,3780,Male,0,0,35,18,Furniture,3780,3,2,2,1,1,0,0,0,0,1,0,1,0,0,0,0,1,0,0,1,0,1
1,1602,Male,0,0,30,21,NewCar,1602,4,3,2,1,1,0,0,0,0,1,0,1,0,0,0,0,1,0,0,0,1,1
-1,3966,Female,0,0,33,18,NewCar,3966,1,4,3,1,1,0,0,0,0,1,0,1,1,0,0,0,0,1,0,0,1,1
-1,4165,Male,0,1,36,18,Business,4165,2,2,2,2,0,0,0,0,0,1,0,0,0,0,0,0,1,0,0,0,0,1
-1,8335,Male,0,1,47,36,UsedCar,8335,3,4,1,1,0,0,0,0,0,1,0,0,0,0,0,0,0,0,0,0,1,1
1,6681,Male,0,1,38,48,Business,6681,4,4,1,2,1,1,0,0,0,0,0,0,0,0,0,0,0,0,0,0,0,1
1,2375,Male,0,1,44,24,Business,2375,4,2,2,2,1,0,0,1,1,0,0,0,0,0,0,0,1,0,0,0,0,1
-1,1216,Female,0,0,23,18,NewCar,1216,4,3,1,1,1,0,0,0,0,1,0,0,0,0,0,0,0,1,0,1,0,1
-1,11816,Male,0,1,29,45,Business,11816,2,4,2,1,0,0,0,0,0,1,0,0,0,0,0,0,0,1,0,0,1,1
1,5084,Female,0,0,42,24,Electronics,5084,2,4,1,1,1,1,0,0,0,1,0,0,0,0,0,0,1,0,0,0,1,1
-1,2327,Female,0,0,25,15,Electronics,2327,2,3,1,1,0,1,1,0,0,1,0,0,0,0,0,0,1,0,0,1,0,0
-1,1082,Male,0,1,48,12,NewCar,1082,4,4,2,1,0,0,0,0,0,1,0,0,1,0,0,0,1,0,0,0,0,1
1,886,Female,0,0,21,12,Electronics,886,4,2,1,1,0,0,0,0,0,1,0,0,0,0,0,0,1,0,0,0,0,1
1,601,Female,0,0,23,4,Furniture,601,1,3,1,2,0,0,0,0,0,1,0,0,0,0,0,0,0,1,0,1,0,0
1,2957,Male,0,1,63,24,UsedCar,2957,4,4,2,1,1,0,0,0,0,1,0,1,0,0,0,0,1,0,0,0,1,1
1,2611,Male,0,0,46,24,Electronics,2611,4,3,2,1,0,0,0,0,0,1,0,1,0,0,1,0,1,0,0,0,1,1
-1,5179,Male,0,1,29,36,Furniture,5179,4,2,1,1,0,0,0,0,0,1,0,0,0,0,0,0,1,0,0,0,1,1
1,2993,Male,0,1,28,21,UsedCar,2993,3,2,2,1,0,0,0,0,0,0,0,0,0,0,0,0,1,0,0,0,0,0
-1,1943,Female,0,0,23,18,Repairs,1943,4,4,1,1,0,0,0,0,0,1,0,0,0,0,0,0,1,0,0,1,0,1
1,1559,Male,0,1,50,24,Business,1559,4,4,1,1,1,0,0,0,0,1,1,0,1,0,0,0,1,0,0,0,1,1
1,3422,Male,0,1,47,18,Furniture,3422,4,4,3,2,1,0,0,0,0,1,0,0,1,0,0,0,1,0,0,0,1,1
1,3976,Male,0,1,35,21,Furniture,3976,2,3,1,1,1,1,0,0,0,1,0,0,0,0,0,0,1,0,0,0,1,1
-1,6761,Male,0,1,68,18,NewCar,6761,2,4,2,1,0,0,0,0,0,1,0,0,0,0,0,0,0,1,0,0,0,1
1,1249,Male,0,0,28,24,NewCar,1249,4,2,1,1,0,0,0,0,0,1,0,0,0,0,0,0,1,0,0,1,0,1
1,1364,Male,0,1,59,9,Electronics,1364,3,4,1,1,0,0,0,0,0,1,0,0,0,0,0,0,1,0,0,0,1,1
-1,709,Male,0,1,57,12,Electronics,709,4,4,1,1,0,0,0,0,0,1,0,0,0,0,0,0,1,0,0,0,1,0
-1,2235,Male,1,0,33,20,NewCar,2235,4,2,2,1,0,0,0,0,0,1,0,1,1,0,0,1,0,1,0,0,0,1
1,4042,Male,0,1,43,24,UsedCar,4042,3,4,2,1,1,0,0,0,0,1,0,1,0,0,0,0,1,0,0,0,1,1
1,1471,Male,0,1,35,15,Electronics,1471,4,4,2,1,1,0,0,0,0,1,0,1,0,0,0,0,0,0,0,0,0,1
-1,1442,Male,0,1,32,18,NewCar,1442,4,4,2,2,0,0,0,0,0,1,1,0,0,0,0,0,0,0,0,0,1,0
1,10875,Male,0,1,45,36,NewCar,10875,2,2,2,2,1,0,0,0,0,0,0,0,0,0,0,0,1,0,0,0,1,1
1,1474,Male,0,0,33,24,NewCar,1474,4,3,1,1,1,0,0,1,0,1,0,0,0,0,0,0,1,0,0,1,0,1
1,894,Female,0,0,40,10,Retraining,894,4,3,1,1,1,0,0,0,0,1,0,0,0,0,0,0,1,0,0,0,1,1
1,3343,Male,0,1,28,15,Furniture,3343,4,2,1,1,1,0,0,0,0,1,0,1,0,0,0,0,0,0,0,0,0,1
-1,3959,Female,0,0,29,15,NewCar,3959,3,2,1,1,1,0,0,0,0,1,0,0,0,0,0,0,1,0,0,0,0,1
1,3577,Male,1,1,26,9,NewCar,3577,1,2,1,2,0,0,0,1,0,1,0,0,0,0,0,1,0,1,0,0,0,1
1,5804,Male,0,1,27,24,UsedCar,5804,4,2,2,1,0,0,0,1,1,1,0,1,0,0,0,0,1,0,0,0,0,1
-1,2169,Male,0,0,28,18,Business,2169,4,2,1,1,1,0,0,0,0,0,0,0,0,0,0,0,1,0,0,0,0,1
-1,2439,Female,0,0,35,24,Electronics,2439,4,4,1,1,1,0,0,0,0,1,0,0,0,0,0,0,1,0,0,1,0,1
1,4526,Male,0,1,32,27,Furniture,4526,4,2,2,2,1,0,0,1,1,1,0,1,0,0,0,0,1,0,0,1,0,0
-1,2210,Male,0,1,25,10,Furniture,2210,2,2,1,1,0,0,0,0,0,1,0,0,1,0,0,0,0,1,0,0,0,0
1,2221,Female,0,0,20,15,Furniture,2221,2,4,1,1,0,0,0,1,1,1,0,0,0,0,0,0,0,1,0,0,0,1
1,2389,Female,0,0,27,18,Electronics,2389,4,1,1,1,0,0,0,0,0,1,0,0,0,0,0,0,1,0,0,1,0,1
1,3331,Male,0,1,42,12,Furniture,3331,2,4,1,1,0,0,0,0,0,1,0,1,0,0,0,0,1,0,0,0,1,1
1,7409,Male,0,1,37,36,Business,7409,3,2,2,1,0,0,0,0,0,1,0,0,0,0,0,0,1,0,0,0,1,1
1,652,Female,0,0,24,12,Furniture,652,4,4,1,1,0,0,0,0,0,1,0,0,0,0,0,0,0,1,0,0,1,1
1,7678,Female,0,0,40,36,Furniture,7678,2,4,2,1,1,0,0,1,1,0,0,0,0,0,0,0,1,0,0,0,1,1
1,1343,Male,1,1,46,6,NewCar,1343,1,4,2,2,0,1,1,0,0,1,0,1,0,0,0,0,1,0,0,0,1,1
1,1382,Male,0,1,26,24,Business,1382,4,1,2,1,1,0,0,1,0,1,0,1,0,0,0,0,1,0,0,0,1,1
1,874,Female,0,0,24,15,HomeAppliances,874,4,1,1,1,0,0,0,0,0,1,0,0,0,0,0,0,1,0,0,1,0,1
1,3590,Male,0,1,29,12,Furniture,3590,2,2,1,2,0,0,0,0,0,1,0,0,0,0,1,0,1,0,0,0,0,0
1,1322,Female,0,0,40,11,NewCar,1322,4,4,2,1,0,1,0,1,1,1,0,1,0,0,0,0,1,0,0,0,0,1
1,1940,Male,0,1,36,18,Electronics,1940,3,4,1,1,1,0,0,0,0,1,1,0,1,0,1,0,0,0,0,1,0,1
1,3595,Male,0,1,28,36,Electronics,3595,4,2,1,1,0,0,0,0,0,1,0,0,0,0,0,0,1,0,0,0,1,1
-1,1422,Male,0,1,27,9,NewCar,1422,3,2,1,1,1,0,0,0,0,1,0,0,0,0,0,0,0,0,0,1,0,1
1,6742,Male,0,1,36,30,Electronics,6742,2,3,2,1,0,0,0,0,0,1,0,1,0,0,0,0,1,0,0,0,1,1
1,7814,Male,0,1,38,24,UsedCar,7814,3,3,1,1,1,0,0,0,0,1,0,0,0,0,0,0,1,0,0,0,1,1
1,9277,Male,0,0,48,24,UsedCar,9277,2,4,1,1,1,0,0,0,0,1,0,0,0,0,0,0,0,0,0,0,0,1
1,2181,Male,0,1,36,30,NewCar,2181,4,4,2,1,0,1,0,0,0,1,0,1,0,0,0,0,1,0,0,0,1,1
1,1098,Female,0,0,65,18,Electronics,1098,4,4,2,1,0,0,0,0,0,1,0,1,0,0,0,0,1,0,1,0,0,0
-1,4057,Male,0,0,43,24,Furniture,4057,3,3,1,1,1,1,0,0,0,1,0,0,0,0,0,0,1,0,0,0,1,1
-1,795,Female,0,0,53,12,Education,795,4,4,1,1,0,0,0,0,0,1,0,0,0,0,0,0,1,0,0,1,0,1
1,2825,Male,0,1,34,24,Business,2825,4,3,2,2,1,1,0,0,0,1,0,1,0,0,0,0,1,0,0,0,1,1
-1,15672,Male,0,1,23,48,Business,15672,2,2,1,1,1,1,0,0,0,1,0,0,0,0,0,0,1,0,0,0,0,1
1,6614,Male,0,1,34,36,NewCar,6614,4,4,2,1,1,0,0,0,0,1,0,1,0,0,0,0,1,0,0,0,1,1
1,7824,Male,0,1,40,28,UsedCar,7824,3,4,2,2,1,0,0,0,0,1,1,0,1,0,0,1,0,1,0,1,0,1
1,2442,Male,0,1,43,27,Business,2442,4,4,4,2,1,0,0,0,0,1,0,1,0,0,0,0,1,0,0,0,1,1
1,1829,Male,0,1,46,15,Electronics,1829,4,4,2,1,1,0,0,0,0,1,0,1,0,0,0,0,1,0,0,0,1,1
1,2171,Male,1,1,38,12,NewCar,2171,4,4,2,1,0,0,0,0,0,1,0,1,1,0,0,0,1,0,0,0,0,0
1,5800,Male,0,1,34,36,UsedCar,5800,3,4,2,1,1,1,0,0,0,1,0,1,0,0,0,0,1,0,0,0,0,1
1,1169,Male,0,1,29,18,Electronics,1169,4,3,2,1,1,0,0,0,0,1,0,1,0,0,0,0,1,0,0,0,0,1
1,8947,Male,0,1,31,36,UsedCar,8947,3,2,1,2,1,0,0,0,0,0,0,0,0,0,0,0,1,0,0,0,1,1
1,2606,Female,0,0,28,21,Electronics,2606,4,4,1,1,1,0,0,0,0,1,0,0,0,0,0,0,0,1,0,1,0,1
1,1592,Female,1,0,35,12,Furniture,1592,3,2,1,1,0,0,0,1,1,1,0,1,0,0,0,0,1,0,0,0,1,1
1,2186,Female,0,0,33,15,Furniture,2186,1,4,1,1,0,0,0,0,0,1,0,0,1,0,0,0,0,1,0,0,1,0
-1,4153,Male,0,1,42,18,Furniture,4153,2,3,1,1,0,0,0,0,0,1,0,0,0,0,1,0,1,0,0,0,0,1
-1,2625,Male,0,1,43,16,NewCar,2625,2,4,1,1,1,0,0,0,0,1,0,1,1,0,0,1,0,1,0,0,1,1
1,3485,Male,0,0,44,20,NewCar,3485,2,4,2,1,1,0,0,0,0,1,0,1,0,0,0,0,1,0,0,1,0,1
1,10477,Male,0,1,42,36,UsedCar,10477,2,4,2,1,0,0,0,0,0,1,0,1,0,0,0,0,0,0,0,0,1,1
1,1386,Male,0,0,40,15,Electronics,1386,4,2,1,1,1,0,0,0,0,1,0,0,0,0,0,0,0,1,0,0,0,1
1,1278,Male,0,1,36,24,Electronics,1278,4,1,1,1,1,0,0,0,0,1,0,0,0,0,0,0,1,0,0,0,1,1
1,1107,Male,0,1,20,12,Electronics,1107,2,2,1,2,1,0,0,0,0,1,0,0,0,0,0,0,0,1,0,0,0,1
1,3763,Male,1,1,24,21,NewCar,3763,2,2,1,1,0,0,0,0,0,1,0,0,0,0,1,0,1,0,0,0,1,0
1,3711,Male,0,0,27,36,Education,3711,2,2,1,1,0,1,0,0,0,1,0,0,0,0,0,0,1,0,0,0,0,1
1,3594,Female,0,0,46,15,UsedCar,3594,1,2,2,1,0,0,0,0,0,0,0,0,0,0,0,0,1,0,0,1,0,0
1,3195,Female,0,0,33,9,NewCar,3195,1,2,1,1,0,1,0,0,0,1,0,0,0,0,0,0,1,0,0,0,0,0
1,4454,Female,0,0,34,36,Electronics,4454,4,4,2,1,0,0,0,0,0,0,0,0,0,0,0,0,1,0,0,0,0,1
-1,4736,Female,0,0,25,24,Furniture,4736,2,4,1,1,0,1,0,0,0,1,0,1,1,0,0,0,1,0,0,1,0,0
1,2991,Female,0,0,25,30,Electronics,2991,2,4,1,1,0,1,0,0,0,1,0,0,0,0,0,0,1,0,0,0,1,1
1,2142,Male,0,0,28,11,Business,2142,1,2,1,1,1,0,0,1,1,1,0,0,0,0,0,0,1,0,0,0,1,1
-1,3161,Male,0,1,31,24,Business,3161,4,2,1,1,1,0,0,0,0,1,1,0,0,0,0,0,0,1,0,0,0,1
-1,18424,Female,1,0,32,48,Other,18424,1,2,1,1,1,1,0,0,0,1,0,0,1,0,0,0,1,0,0,0,0,1
1,2848,Male,0,1,32,10,UsedCar,2848,1,2,1,2,0,0,0,1,0,1,0,0,0,0,1,0,1,0,0,0,0,1
-1,14896,Male,0,1,68,6,NewCar,14896,1,4,1,1,1,0,0,0,0,1,0,0,1,0,0,0,1,0,0,0,1,1
-1,2359,Male,0,0,33,24,Furniture,2359,1,1,1,1,0,0,0,1,0,1,0,0,0,0,0,0,1,0,1,0,0,1
-1,3345,Male,0,1,39,24,Furniture,3345,4,2,1,1,1,0,0,0,0,1,0,0,0,0,0,0,0,1,0,0,1,1
1,1817,Female,0,0,28,18,Furniture,1817,4,2,2,1,0,0,0,0,0,1,0,1,0,0,0,0,1,0,0,0,0,1
1,12749,Male,0,1,37,48,Electronics,12749,4,1,1,1,1,0,0,1,1,0,0,0,0,0,0,0,1,0,0,0,1,1
-1,1366,Female,0,0,22,9,Electronics,1366,3,4,1,1,0,0,0,0,0,1,0,0,0,0,0,0,0,1,0,1,0,1
1,2002,Male,0,1,30,12,NewCar,2002,3,4,1,2,1,1,0,0,0,1,0,0,0,0,0,0,0,1,0,0,1,1
-1,6872,Male,0,0,55,24,Furniture,6872,2,1,1,1,1,0,0,0,0,1,1,0,1,0,0,0,1,0,0,1,0,1
-1,697,Male,0,1,46,12,NewCar,697,4,2,2,1,1,0,0,0,0,1,1,0,1,0,0,0,1,0,0,1,0,1
1,1049,Female,0,0,21,18,Furniture,1049,4,4,1,1,0,0,0,0,0,1,0,1,0,0,0,0,0,1,0,1,0,1
-1,10297,Male,0,1,39,48,UsedCar,10297,4,4,3,2,1,0,0,0,0,1,0,0,0,0,0,0,0,0,0,0,1,1
1,1867,Male,0,1,58,30,Electronics,1867,4,4,1,1,1,0,0,0,0,1,0,0,0,0,0,0,1,0,0,0,1,1
1,1344,Male,0,1,43,12,NewCar,1344,4,2,2,2,0,0,0,0,0,0,0,0,0,0,0,0,1,0,0,0,0,0
1,1747,Male,1,1,24,24,Furniture,1747,4,1,1,1,0,0,0,0,0,1,0,0,0,0,1,0,1,0,0,1,0,0
-1,1670,Female,0,0,22,9,Electronics,1670,4,2,1,1,1,1,0,0,0,1,0,0,0,0,0,0,1,0,0,1,0,1
1,1224,Male,0,1,30,9,NewCar,1224,3,1,2,1,0,0,0,0,0,1,0,1,0,0,0,0,1,0,0,0,0,1
1,522,Male,0,1,42,12,Electronics,522,4,4,2,2,1,0,0,1,1,1,0,1,0,0,0,0,1,0,0,0,1,1
1,1498,Female,0,0,23,12,Electronics,1498,4,1,1,1,0,0,0,0,0,1,0,0,1,0,0,0,1,0,0,0,0,1
-1,1919,Male,0,1,30,30,Electronics,1919,4,3,2,1,0,1,0,1,0,0,0,0,0,0,0,0,1,0,0,1,0,1
-1,745,Female,0,0,28,9,Electronics,745,3,2,1,1,0,1,1,0,0,1,0,0,0,0,0,0,1,0,0,0,0,0
1,2063,Male,0,0,30,6,Electronics,2063,4,3,1,1,1,1,0,0,0,1,0,0,0,0,0,0,0,1,0,1,0,1
-1,6288,Male,0,1,42,60,Education,6288,4,4,1,1,0,1,0,0,0,1,0,0,0,0,0,0,0,0,0,0,0,1
1,6842,Male,0,1,46,24,UsedCar,6842,2,4,2,2,1,0,0,0,0,1,0,1,0,0,0,0,1,0,0,0,0,1
1,3527,Male,0,1,45,12,NewCar,3527,2,3,1,2,1,0,0,0,0,1,0,0,0,0,0,0,1,0,0,1,0,1
1,1546,Male,1,1,31,10,NewCar,1546,3,2,1,2,0,0,0,0,0,1,0,0,0,0,0,0,1,0,0,0,0,0
1,929,Male,0,1,31,24,Furniture,929,4,2,1,1,1,0,0,0,0,1,0,0,0,0,0,0,1,0,0,0,1,1
1,1455,Male,0,1,42,4,NewCar,1455,2,1,3,2,0,0,0,0,0,1,0,1,0,0,0,0,1,0,0,0,1,0
1,1845,Female,0,0,46,15,Furniture,1845,4,1,1,1,0,0,0,0,0,1,0,0,0,0,0,1,0,1,0,1,0,1
1,8358,Female,0,0,30,48,NewCar,8358,1,1,2,1,0,1,0,1,1,1,0,0,0,0,0,0,1,0,0,1,0,1
-1,3349,Male,0,1,30,24,Furniture,3349,4,4,1,2,1,0,0,1,1,1,1,0,0,0,0,0,0,0,0,1,0,1
1,2859,Male,0,1,38,12,NewCar,2859,4,4,1,1,1,0,0,0,0,1,0,0,0,0,0,0,1,0,1,0,0,1
-1,1533,Male,0,0,43,18,Furniture,1533,4,1,1,2,0,0,0,0,0,1,0,0,0,0,1,0,1,0,0,1,0,0
-1,3621,Male,0,1,31,24,Electronics,3621,2,4,2,1,0,0,0,1,0,1,0,0,0,0,0,0,1,0,0,0,1,1
1,3590,Male,0,0,40,18,Business,3590,3,3,3,2,1,1,0,0,0,1,0,1,0,0,0,0,1,0,1,0,0,0
-1,2145,Male,0,1,24,36,Business,2145,2,1,2,1,1,0,0,0,0,0,0,0,0,0,0,0,1,0,0,0,1,1
-1,4113,Female,0,0,28,24,UsedCar,4113,3,4,1,1,0,1,0,1,1,1,0,0,0,0,0,0,0,1,0,1,0,1
-1,10974,Female,0,0,26,36,Furniture,10974,4,2,2,1,1,0,0,0,0,1,0,0,0,0,0,0,1,0,1,0,0,1
1,1893,Female,0,0,29,12,NewCar,1893,4,4,1,1,1,0,0,0,0,1,0,0,0,0,0,1,1,0,0,0,0,1
1,1231,Female,0,0,57,24,Electronics,1231,4,4,2,1,1,0,0,1,1,1,0,1,0,0,0,0,0,1,0,0,1,1
1,3656,Male,0,1,49,30,Electronics,3656,4,4,2,1,0,1,1,0,0,1,0,1,0,0,0,0,1,0,0,0,1,0
1,1154,Male,0,1,37,9,Electronics,1154,2,4,3,1,0,1,0,0,0,1,0,1,0,0,0,0,1,0,0,0,1,0
-1,4006,Male,0,1,45,28,NewCar,4006,3,2,1,1,0,0,0,0,0,1,0,0,0,0,0,0,1,0,0,0,0,0
1,3069,Male,0,1,30,24,Furniture,3069,4,4,1,1,0,1,0,1,0,1,0,0,0,0,0,0,0,0,0,0,1,1
1,1740,Male,0,0,30,6,Electronics,1740,2,2,2,1,0,0,0,0,0,1,0,1,0,0,0,0,0,1,0,0,1,1
1,2353,Male,0,0,47,21,NewCar,2353,1,4,2,1,0,1,0,0,0,0,0,0,0,0,0,0,1,0,0,0,0,1
1,3556,Male,0,1,29,15,NewCar,3556,3,2,1,1,0,0,0,0,0,1,0,0,0,0,0,0,1,0,0,0,0,1
-1,2397,Male,0,1,35,24,Electronics,2397,3,2,2,1,1,0,0,1,1,1,0,0,1,0,0,0,1,0,0,0,1,1
1,454,Male,0,0,22,6,Repairs,454,3,1,1,1,0,1,0,0,0,1,0,0,0,0,0,0,1,0,0,1,0,0
1,1715,Female,0,0,26,30,Electronics,1715,4,1,1,1,0,1,0,0,0,1,0,0,0,0,0,0,1,0,0,0,0,1
-1,2520,Male,0,1,23,27,Electronics,2520,4,2,2,1,0,1,0,1,1,1,0,1,0,0,0,0,1,0,0,0,0,0
1,3568,Female,0,0,54,15,Electronics,3568,4,2,1,1,1,0,0,0,0,1,0,0,1,0,0,0,0,1,0,0,1,1
1,7166,Male,0,0,29,42,Electronics,7166,2,4,1,1,1,0,0,0,0,1,0,0,0,0,0,0,0,1,0,0,1,1
1,3939,Male,0,1,40,11,NewCar,3939,1,2,2,2,0,0,0,0,0,1,0,1,0,0,0,0,1,0,0,0,0,0
1,1514,Male,0,1,22,15,Repairs,1514,4,2,1,1,0,1,0,1,0,1,0,0,0,0,0,1,1,0,0,0,0,1
1,7393,Male,0,1,43,24,NewCar,7393,1,4,1,2,0,0,0,0,0,1,0,0,0,0,0,0,1,0,0,0,0,0
-1,1193,Female,0,0,29,24,NewCar,1193,1,4,2,1,0,0,0,0,0,1,1,0,0,0,1,0,0,1,1,0,0,0
-1,7297,Male,0,1,36,60,Business,7297,4,4,1,1,0,0,0,0,0,1,0,0,0,0,1,0,0,1,0,0,1,1
1,2831,Female,0,0,33,30,Electronics,2831,4,2,1,1,1,0,0,0,0,1,0,1,0,0,0,0,1,0,0,0,0,1
1,1258,Female,0,0,57,24,Electronics,1258,3,3,1,1,0,1,1,1,1,1,0,0,0,0,0,0,1,0,0,0,0,0
1,753,Female,0,0,64,6,Electronics,753,2,3,1,1,0,1,0,0,0,1,0,0,0,0,0,1,1,0,0,0,0,1
1,2427,Male,0,1,42,18,Business,2427,4,2,2,1,0,1,0,0,0,0,0,0,0,0,0,0,1,0,0,0,1,1
-1,2538,Male,0,1,47,24,NewCar,2538,4,4,2,2,0,0,0,0,0,0,0,0,0,0,0,0,1,0,0,0,1,0
-1,1264,Male,0,0,25,15,NewCar,1264,2,2,1,1,0,1,0,1,0,1,1,0,0,0,0,0,0,1,0,0,0,1
-1,8386,Male,0,1,49,30,Furniture,8386,2,2,1,1,0,1,0,0,0,1,0,1,0,0,0,0,1,0,0,0,1,1
-1,4844,Male,0,1,33,48,Business,4844,3,2,1,1,1,0,0,0,0,1,0,0,1,0,0,0,0,1,1,0,0,1
1,2923,Female,0,0,28,21,NewCar,2923,1,1,1,1,1,1,1,1,0,1,0,0,1,0,0,0,1,0,0,0,0,1
-1,8229,Male,0,1,26,36,UsedCar,8229,2,2,1,2,0,0,0,0,0,1,0,0,0,0,0,0,1,0,0,0,0,1
1,2028,Male,0,1,30,24,Furniture,2028,2,2,2,1,0,0,0,0,0,1,0,1,0,0,0,0,1,0,0,0,1,0
1,1433,Female,0,0,25,15,Furniture,1433,4,3,2,1,0,0,0,0,0,1,0,1,0,0,0,0,0,1,0,0,0,1
1,6289,Male,0,0,33,42,Business,6289,2,1,2,1,0,1,1,0,0,1,0,0,0,0,0,0,1,0,0,1,0,1
1,1409,Female,0,0,64,13,Electronics,1409,2,4,1,1,0,0,0,1,0,1,0,0,0,0,0,0,1,0,1,0,0,1
1,6579,Male,0,1,29,24,UsedCar,6579,4,2,1,1,1,0,0,0,0,1,0,0,0,0,0,0,0,0,1,0,0,1
1,1743,Male,0,1,48,24,Electronics,1743,4,2,2,1,0,1,0,0,0,1,0,1,0,0,0,0,1,0,0,0,1,0
1,3565,Male,0,1,37,12,Education,3565,2,1,2,2,0,0,0,0,0,1,0,1,0,0,0,0,1,0,0,1,0,0
1,1569,Male,0,1,34,15,Electronics,1569,4,4,1,2,0,0,0,1,0,1,1,0,1,0,0,0,1,0,0,0,1,0
1,1936,Male,0,0,23,18,Electronics,1936,2,4,2,1,0,0,0,0,0,1,0,0,0,0,0,0,0,1,0,0,1,0
1,3959,Male,0,1,30,36,Furniture,3959,4,3,1,1,1,0,0,0,0,1,0,0,0,0,0,0,1,0,1,0,0,1
1,2390,Male,0,1,50,12,NewCar,2390,4,3,1,1,1,0,0,0,0,1,0,0,0,0,0,0,1,0,0,0,1,1
1,1736,Female,0,0,31,12,Furniture,1736,3,4,1,1,0,0,0,0,0,1,0,0,0,0,0,0,1,0,0,0,1,0
1,3857,Male,0,0,40,30,UsedCar,3857,4,4,1,1,1,0,0,0,0,1,0,0,0,0,0,0,1,0,0,0,0,1
1,804,Male,0,1,38,12,Electronics,804,4,4,1,1,0,0,0,0,0,1,0,0,0,0,0,0,1,0,0,0,1,1
-1,1845,Male,0,1,23,45,Electronics,1845,4,4,1,1,1,0,0,0,0,1,0,0,0,0,0,0,0,0,0,0,0,1
1,4576,Male,0,1,27,45,UsedCar,4576,3,4,1,1,0,1,0,1,0,1,0,1,0,0,0,0,1,0,1,0,0,1
